attraction_id,name,rating,address,opening_hours,description,nearby_attractions,level
1,"雅鲁藏布大峡谷",4.6,"西藏自治区林芝市米林市派镇",N/A,"雅鲁藏布大峡谷是围绕南迦巴瓦峰的一处马蹄形大峡谷，也是世界大峡谷。谷内风光多种多样，可以观看南迦巴瓦、雅江尼洋河、古老村落等等。入围《中国国家地理》中国峡谷评选，吸引着众多游客们前来观赏。 雅鲁藏布大峡谷目前有部分向游客开放，景区内需要乘坐景区运营的车船工具，所以购买套票会比较方便。","[{'name': '南迦巴瓦露营地', 'distance': '直线距离<100m'}, {'name': '玉松岛南迦巴瓦观山文化社区', 'distance': '直线距离<100m'}, {'name': '南迦巴瓦观山台', 'distance': '直线距离<100m'}, {'name': '直白村', 'distance': '直线距离961m'}, {'name': '大渡卡遗址', 'distance': '直线距离981m'}, {'name': '扎西德勒农庄', 'distance': '直线距离982m'}, {'name': '雅鲁藏布大峡谷风景区第四景点', 'distance': '直线距离1.5km'}, {'name': '雅鲁藏布大峡谷', 'distance': '登高爬山'}, {'name': '南迦巴瓦峰', 'distance': '赏花胜地'}, {'name': '索松村', 'distance': '赏花胜地'}, {'name': '佛掌沙丘', 'distance': '地标观景'}, {'name': '南迦巴瓦观山台', 'distance': '地标观景'}, {'name': '南迦巴瓦峰大本营露营地', 'distance': '露营·营地'}, {'name': '南伊沟', 'distance': '自然山水'}]",5
2,"南迦巴瓦峰",4.5,"西藏自治区林芝市米林县西藏林","全年全天开放","南迦巴瓦峰位于林芝地区，是全球海拔排名第15的高峰。这里山顶冰川高耸、形状俏丽，山间常有云雾缭绕，而山下则是植被茂密的藏区江南，景色优美。 欣赏南迦巴瓦峰的时间是每年的4-10月，此时气候合适，山下绿树成荫，山间云雾飘荡，景色宜人。不过，这时候也经常会有阴雨天气，可能会看不到雪峰的全貌。事实上，有人统计南迦巴瓦全部显现的日期每年平均仅有65天，所以也要做好看不到的心理准备。 南迦巴瓦峰有几个主要的观赏地点，分别是雅鲁藏布大峡谷景区的观景台、直白村、色季拉山口、索松村等，雅鲁藏布大峡谷景区观景台和直白村都可以乘坐雅江大峡谷景区的观光车前往，这里视野比较开阔，游人也比较多。色季拉山口处可以看到雪山脚下的鲁朗林海，景色比较丰富。索松村比较淳朴，正对雪山，这里每年春天会有桃花开放，拍摄花朵掩映下的皑皑雪峰，也深受众多摄影师的喜爱。","[{'name': '南迦巴瓦峰大本营露营地', 'distance': '直线距离9.7km'}, {'name': '雅鲁藏布大峡谷', 'distance': '直线距离11.5km'}, {'name': '南迦巴瓦露营地', 'distance': '直线距离11.5km'}, {'name': '玉松岛南迦巴瓦观山文化社区', 'distance': '直线距离11.5km'}, {'name': '南迦巴瓦观山台', 'distance': '直线距离11.6km'}, {'name': '直白村', 'distance': '直线距离11.8km'}, {'name': '大渡卡遗址', 'distance': '直线距离11.9km'}, {'name': '雅鲁藏布大峡谷', 'distance': '登高爬山'}, {'name': '南迦巴瓦峰', 'distance': '赏花胜地'}, {'name': '索松村', 'distance': '赏花胜地'}, {'name': '佛掌沙丘', 'distance': '地标观景'}, {'name': '南迦巴瓦观山台', 'distance': '地标观景'}, {'name': '南迦巴瓦峰大本营露营地', 'distance': '露营·营地'}, {'name': '南伊沟', 'distance': '自然山水'}]",N/A
3,"巴松措",4.6,"西藏自治区林芝市工布江达县错高乡",N/A,"巴松措位于林芝工布江达县，是藏传佛教红教的著名神湖，宗教地位很高。湖水碧绿柔美，周围青山依依，风景非常不错。湖心岛上的错宗工巴寺历史悠久，有特别的雕塑和建筑，也是祈福的圣地。 巴松措景区旅游开发比较成熟，是西藏比较老牌的景区。进入景区后，需要乘坐观光车游玩，路上一般会停留三个点，分别是湖心岛旁、观景台和结巴村。另外，景区内还有游艇可以游湖，大约需要另外付费100元左右。 湖心岛可以通过建设在湖面上的步行栈道登岛，岛上的措宗贡巴寺建于唐代末年，岛上的礁石均雕刻成了别致的动物形象以及佛像，特别神奇。观景台离湖心岛不远，这里角度稍高，可以俯瞰湖水和小岛，巴松措经典机位就是出自这里。结巴村是湖边一处安静的村落，由于游玩巴松措的很多旅游团都不会在此停留，反而成就了这里的宁静悠然，村庄颇有些瑞士小镇的风貌，十分不错。","[{'name': '扎西岛', 'distance': '直线距离<100m'}, {'name': '巴松措▪喜玛拉雅轻奢露营地', 'distance': '直线距离505m'}, {'name': '巴松措星空户外泡泡帐篷营地', 'distance': '直线距离567m'}, {'name': '松赞巴松措林卡', 'distance': '直线距离1.0km'}, {'name': '结巴村', 'distance': '直线距离1.4km'}, {'name': '结布民俗村观光亭', 'distance': '直线距离1.7km'}, {'name': '卡巴拉日', 'distance': '直线距离4.4km'}, {'name': '巴松措', 'distance': '自然山水'}, {'name': '新措', 'distance': '自然山水'}, {'name': '米拉山口', 'distance': '登高爬山'}, {'name': '结巴村', 'distance': '古镇古村'}, {'name': '巴松措环湖游船', 'distance': '乘船游览'}, {'name': '林拉公路', 'distance': '城市漫步'}, {'name': '尼洋河', 'distance': '登高爬山'}]",5
4,"索松村",4.5,"西藏自治区林芝市米林市雅鲁藏布大峡谷","全年全天开放",N/A,"[{'name': '索松村洛桑文历博物馆', 'distance': '直线距离<100m'}, {'name': '林芝小橘子露营地', 'distance': '直线距离200m'}, {'name': '三座雪山观景台', 'distance': '直线距离1.6km'}, {'name': '玉松村', 'distance': '直线距离1.9km'}, {'name': '千年桑树', 'distance': '直线距离2.0km'}, {'name': '雅鲁藏布大峡谷热气球飞行营地', 'distance': '直线距离2.2km'}, {'name': '田园风光栈道', 'distance': '直线距离2.5km'}, {'name': '雅鲁藏布大峡谷', 'distance': '登高爬山'}, {'name': '南迦巴瓦峰', 'distance': '赏花胜地'}, {'name': '索松村', 'distance': '赏花胜地'}, {'name': '佛掌沙丘', 'distance': '地标观景'}, {'name': '南迦巴瓦观山台', 'distance': '地标观景'}, {'name': '南迦巴瓦峰大本营露营地', 'distance': '露营·营地'}, {'name': '南伊沟', 'distance': '自然山水'}]",N/A
5,"措木及日",4.6,"西藏自治区林芝市巴宜区措木吉日路","淡季 09:30-16:00开放,旺季 08:30-18:00开放",N/A,"[{'name': '情人松', 'distance': '直线距离834m'}, {'name': '西藏民俗第一村', 'distance': '直线距离4.9km'}, {'name': '千年核桃王景区', 'distance': '直线距离4.9km'}, {'name': '篝火广场', 'distance': '直线距离4.9km'}, {'name': '平安淋浴洗浴中心', 'distance': '直线距离5.4km'}, {'name': '渝康养生馆', 'distance': '直线距离5.7km'}, {'name': '林芝市八一中学-海洋图书馆', 'distance': '直线距离5.8km'}, {'name': '巴松措', 'distance': '自然山水'}, {'name': '雅鲁藏布大峡谷', 'distance': '登高爬山'}, {'name': '南迦巴瓦峰', 'distance': '赏花胜地'}, {'name': '索松村', 'distance': '赏花胜地'}, {'name': '卡定沟景区', 'distance': '自然山水'}, {'name': '措木及日', 'distance': '自然山水'}, {'name': '鲁朗林海', 'distance': '踏青必去'}]",N/A
6,"鲁朗林海",4.5,"西藏自治区林芝市巴宜区鲁朗镇318国道",N/A,"鲁朗林海位于八一镇北侧的鲁朗镇，这里有依山连绵的大片碧绿森林，树木以垂直的云杉和松树为主，景色非常清新优美，也是拍摄大片的好地方。 鲁朗林海面积很大，参观拍摄可以进入景区内部，也可以在318国道上的观景台。甚至只要开车在318国道上经过鲁朗镇时，不进观景台也能看到大片的森林。","[{'name': '鲁朗林海第一观景台', 'distance': '直线距离121m'}, {'name': '色季拉山口', 'distance': '直线距离4.4km'}, {'name': '色季拉山观景台', 'distance': '直线距离4.5km'}, {'name': '色季拉山', 'distance': '直线距离4.6km'}, {'name': '鲁朗花海牧场', 'distance': '直线距离5.1km'}, {'name': '田园风光观景台', 'distance': '直线距离7.2km'}, {'name': '楚什列古', 'distance': '直线距离9.0km'}, {'name': '巴松措', 'distance': '自然山水'}, {'name': '雅鲁藏布大峡谷', 'distance': '登高爬山'}, {'name': '南迦巴瓦峰', 'distance': '赏花胜地'}, {'name': '索松村', 'distance': '赏花胜地'}, {'name': '卡定沟景区', 'distance': '自然山水'}, {'name': '措木及日', 'distance': '自然山水'}, {'name': '鲁朗林海', 'distance': '踏青必去'}]",4
7,"米堆冰川",4.1,"西藏自治区林芝市波密县",N/A,"米堆冰川位于林芝地区波密县玉普乡米美、米堆两村附近，距离318国道仅8公里，抵达为特别方便，由于冰舌海拔较低，可以轻易地近距离观赏。米堆冰川形状俊秀，被《中国国家地理》评为六大较美冰川之一。 要观看米堆冰川，首先要到达脚下的米堆村，售票处距离米堆村大约6-7公里，这一段路路况很差，小轿车不建议开入，需要有底盘较高的车行驶。从米堆村前往观景台可以步行，不过距离较长，大约2.5公里，需要45分钟左右，也可以骑马，往返大约需要付100元。到达观景台后，即可看到开阔的冰川在面前展开，非常壮观。","[{'name': '米堆村', 'distance': '直线距离240m'}, {'name': '米堆冰川景区观景台', 'distance': '直线距离1.4km'}, {'name': '光谢错', 'distance': '直线距离1.9km'}, {'name': '觉玛郎阁', 'distance': '直线距离9.0km'}, {'name': '318彩虹冲水打卡地', 'distance': '直线距离13.6km'}, {'name': '各布错', 'distance': '直线距离15.0km'}, {'name': '那穷拉卡', 'distance': '直线距离16.0km'}, {'name': '米堆冰川', 'distance': '自然山水'}, {'name': '岗云杉林', 'distance': '踏青必去'}, {'name': '波密桃花沟', 'distance': '赏花胜地'}, {'name': '嘎瓦龙景区', 'distance': '登高爬山'}, {'name': '古乡湖景区', 'distance': '登高爬山'}, {'name': '通麦大桥', 'distance': '地标观景'}, {'name': '通麦天险', 'distance': '城市漫步'}]",4
8,"世界柏树王园林",4.4,"林芝市巴宜区到尼洋河中下游一带",N/A,"景区位于林芝市巴宜区巴吉村，距离市政府驻地6公里，是离市区最近的“森林氧吧”，平均海拔在3000～3200米之间，属于温带湿润季风气候，全年雨量充沛、日照充足，冬季温和干燥，夏季湿润无高温，年平均气温8.5℃，气候宜人。 景区内众多的巨柏树也称“雅鲁藏布江柏木”，藏语称为“拉辛秀巴”意指神树。其中的一棵巨柏树高57米，胸径5.8米，需十几个成年人合围才能将其抱住，树龄距今有3200多年，被誉为“活的文物”“世界柏树王”。2019年这株巨柏被世界认证机构审核确认为“界树龄最长的巨柏”。 世界柏树王园林景区是当地藏族群众心目中的圣地，相传古柏树群由苯教祖师顿巴辛饶·米沃切的头发幻化而来，其中被认证的“世界柏树王”为顿巴辛饶·米沃切生命之树、灵魂之树的代表。","[{'name': '林芝巴结巨柏自然保护区', 'distance': '直线距离<100m'}, {'name': '于麦观景台', 'distance': '直线距离551m'}, {'name': '娘乳岗景区', 'distance': '直线距离1.5km'}, {'name': '工布藏族民居', 'distance': '直线距离1.5km'}, {'name': '尼洋阁藏东南文化博览园', 'distance': '直线距离1.7km'}, {'name': '尼洋时光户外露营公园', 'distance': '直线距离1.8km'}, {'name': '藏东南文化遗产博物馆', 'distance': '直线距离1.9km'}, {'name': '巴松措', 'distance': '自然山水'}, {'name': '雅鲁藏布大峡谷', 'distance': '登高爬山'}, {'name': '南迦巴瓦峰', 'distance': '赏花胜地'}, {'name': '索松村', 'distance': '赏花胜地'}, {'name': '卡定沟景区', 'distance': '自然山水'}, {'name': '措木及日', 'distance': '自然山水'}, {'name': '鲁朗林海', 'distance': '踏青必去'}]",4
9,"佛掌沙丘",4.3,"林芝市米林县丹娘乡雅鲁藏布江畔","全年全天开放","佛掌沙丘位于米林县丹娘乡的雅鲁藏布江北岸，是一片伫立在河边的佛掌形状的沙丘，非常奇特，适合在对岸拍照。而且观赏沙丘免费，观景台就在路边，还有公共厕所，所以一般游客路过此地时都会下车来看看。","[{'name': '佛掌沙丘沙滩车ATV俱乐部', 'distance': '直线距离803m'}, {'name': '丹娘乡沙丘旅游景区', 'distance': '直线距离1.9km'}, {'name': '下拉村', 'distance': '直线距离6.3km'}, {'name': '祏峧岗', 'distance': '直线距离6.4km'}, {'name': '格嘎普', 'distance': '直线距离8.8km'}, {'name': '鲁霞普曲', 'distance': '直线距离9.2km'}, {'name': '德木寺', 'distance': '直线距离10.9km'}, {'name': '雅鲁藏布大峡谷', 'distance': '登高爬山'}, {'name': '南迦巴瓦峰', 'distance': '赏花胜地'}, {'name': '索松村', 'distance': '赏花胜地'}, {'name': '佛掌沙丘', 'distance': '地标观景'}, {'name': '南迦巴瓦观山台', 'distance': '地标观景'}, {'name': '南迦巴瓦峰大本营露营地', 'distance': '露营·营地'}, {'name': '南伊沟', 'distance': '自然山水'}]",N/A
10,"西藏雅尼国家湿地公园",0.0,"西藏自治区林芝市巴宜区",N/A,"西藏雅尼国家湿地位于中国西藏自治区，是一处自然保护区和重要的湿地生态系统。这片湿地被誉为“高原明珠”，拥有广阔的湖泊、沼泽和湿地草原。雅尼国家湿地是珍稀鸟类的栖息地，吸引了大量候鸟和迁徙鸟类。这里的生态环境保持良好，是保护野生动植物和生态平衡的重要区域。游客可以在湿地中观赏到壮丽的自然景观，感受到宁静与宜人的氛围。","[{'name': '姆多花港', 'distance': '直线距离3.2km'}, {'name': '曲觉拉康', 'distance': '直线距离4.3km'}, {'name': '阿马力炯', 'distance': '直线距离4.4km'}, {'name': '两江汇流处', 'distance': '直线距离4.5km'}, {'name': '苯日景区', 'distance': '直线距离5.0km'}, {'name': '雅尼玻璃观景台', 'distance': '直线距离5.0km'}, {'name': '曲努帮布', 'distance': '直线距离5.6km'}, {'name': '巴松措', 'distance': '自然山水'}, {'name': '雅鲁藏布大峡谷', 'distance': '登高爬山'}, {'name': '南迦巴瓦峰', 'distance': '赏花胜地'}, {'name': '索松村', 'distance': '赏花胜地'}, {'name': '卡定沟景区', 'distance': '自然山水'}, {'name': '措木及日', 'distance': '自然山水'}, {'name': '鲁朗林海', 'distance': '踏青必去'}]",N/A
11,"果果塘大拐弯",4.6,"西藏自治区林芝市墨脱县墨脱镇G219","全年全天开放","雅鲁藏布江在果果塘这里盘了一个大弯，当地也叫蛇形弯。果果塘大拐弯因其俯瞰像一个棒棒糖，所以得名果果塘。","[{'name': '阿隆日', 'distance': '直线距离403m'}, {'name': '达哈日', 'distance': '直线距离1.4km'}, {'name': '藤桥', 'distance': '直线距离2.1km'}, {'name': '亲江景区', 'distance': '直线距离3.2km'}, {'name': '香哥隆', 'distance': '直线距离3.5km'}, {'name': '三香一链观景台', 'distance': '直线距离4.5km'}, {'name': '莲花阁', 'distance': '直线距离4.9km'}, {'name': '果果塘大拐弯', 'distance': '海滨沙滩'}, {'name': '墨脱解放大桥', 'distance': '地标观景'}, {'name': '墨脱博物馆', 'distance': '博物馆'}, {'name': '喜马拉雅山脉', 'distance': '登高爬山'}, {'name': '嘎隆拉', 'distance': '登高爬山'}, {'name': '海市蜃楼观景台', 'distance': 'N/A'}, {'name': '格林村观景台', 'distance': 'N/A'}]",N/A
12,"苯日景区",4.6,"林芝市巴宜区X401",N/A,"苯日景区雅尼湿地景区（原苯日神山）是西藏原生苯教的神山，矗立于八一镇东南侧，由一组高度差不多的山峰组成，其山顶中年云雾缭绕。山腰林木茂密，鲜花盛开，四时不同。林间古寺中供奉着苯教创始人辛绕米沃。 苯日神山是苯教的神山，一年四季都有信徒来此转山朝拜。山间的苯教古寺每12年举办一次大型宗教活动，称：娘布拉索节。其规模浩大，善男信女众多，持续时间之久，全区罕见。","[{'name': '雅尼玻璃观景台', 'distance': '直线距离<100m'}, {'name': '两江汇流处', 'distance': '直线距离782m'}, {'name': '拉日江多寺', 'distance': '直线距离870m'}, {'name': '羌纳寺', 'distance': '直线距离3.2km'}, {'name': '雅尼国家湿地公园', 'distance': '直线距离3.7km'}, {'name': '尼洋河风光带', 'distance': '直线距离3.7km'}, {'name': '尼洋河观景台', 'distance': '直线距离3.7km'}, {'name': '巴松措', 'distance': '自然山水'}, {'name': '雅鲁藏布大峡谷', 'distance': '登高爬山'}, {'name': '南迦巴瓦峰', 'distance': '赏花胜地'}, {'name': '索松村', 'distance': '赏花胜地'}, {'name': '卡定沟景区', 'distance': '自然山水'}, {'name': '措木及日', 'distance': '自然山水'}, {'name': '鲁朗林海', 'distance': '踏青必去'}]",N/A
13,"岗云杉林",4.6,"西藏自治区林芝市波密县扎木镇岗村",N/A,"岗云杉林位于波密，森林覆盖率达61%以上，里面的草湖非常美丽，眺望岗云杉林，远处的雪山在云间若隐若现，湖泊、高山、河流和绿树，构成了一幅迷人的画卷。","[{'name': '岗乡自然保护区', 'distance': '直线距离<100m'}, {'name': '错卡', 'distance': '直线距离403m'}, {'name': '巴卡村', 'distance': '直线距离1.1km'}, {'name': '日则棍杷', 'distance': '直线距离2.1km'}, {'name': '雪迹秘境营地', 'distance': '直线距离3.4km'}, {'name': '藏芝星茶文化旅游研学中心', 'distance': '直线距离3.8km'}, {'name': '巴卡寺', 'distance': '直线距离4.0km'}, {'name': '米堆冰川', 'distance': '自然山水'}, {'name': '岗云杉林', 'distance': '踏青必去'}, {'name': '波密桃花沟', 'distance': '赏花胜地'}, {'name': '嘎瓦龙景区', 'distance': '登高爬山'}, {'name': '古乡湖景区', 'distance': '登高爬山'}, {'name': '通麦大桥', 'distance': '地标观景'}, {'name': '通麦天险', 'distance': '城市漫步'}]",N/A
14,"波密桃花沟",4.8,"林芝市波密县桃花沟风景区","全年全天开放","说起林芝桃花沟，很多人会想起八一镇东南嘎拉村附近的大片桃花，但其实波密也有一片桃花沟丝毫也不逊色。波密桃花沟位于318国道靠近嘎朗村附近的地带，绵延近30公里，花期略早于八一镇的桃花沟，每年3月簇簇粉红装点在路边，是摄影的好地方。一入沟口，桃花簇簇，风景渐佳。","[{'name': '嘎朗湖景区', 'distance': '直线距离336m'}, {'name': '嘎郎景区', 'distance': '直线距离872m'}, {'name': '嘎朗村', 'distance': '直线距离1.7km'}, {'name': '卡拉错', 'distance': '直线距离2.4km'}, {'name': '西藏嘎朗国家湿地公园', 'distance': '直线距离2.8km'}, {'name': '嘎朗王宫遗址', 'distance': '直线距离2.8km'}, {'name': '藏芝星茶文化旅游研学中心', 'distance': '直线距离4.0km'}, {'name': '米堆冰川', 'distance': '自然山水'}, {'name': '岗云杉林', 'distance': '踏青必去'}, {'name': '波密桃花沟', 'distance': '赏花胜地'}, {'name': '嘎瓦龙景区', 'distance': '登高爬山'}, {'name': '古乡湖景区', 'distance': '登高爬山'}, {'name': '通麦大桥', 'distance': '地标观景'}, {'name': '通麦天险', 'distance': '城市漫步'}]",N/A
15,"雅鲁藏布江",4.6,"林芝市米林县",N/A,"雅鲁藏布江在古代藏文文献中称为“央恰布藏布”，它源出于喜巴拉雅山脉中段北麓冰山雪岭之中的杰马央宗冰川。水能蕴藏量丰富，在中国仅次于长江。","[{'name': '苯教古秀寺', 'distance': '直线距离1.4km'}, {'name': '吉日寺', 'distance': '直线距离1.6km'}, {'name': '卡斯木村', 'distance': '直线距离2.0km'}, {'name': '尼洋曲', 'distance': '直线距离2.4km'}, {'name': '真巴村', 'distance': '直线距离2.5km'}, {'name': '苯日神山', 'distance': '直线距离3.2km'}, {'name': '达则寺', 'distance': '直线距离3.7km'}, {'name': '巴松措', 'distance': '自然山水'}, {'name': '雅鲁藏布大峡谷', 'distance': '登高爬山'}, {'name': '南迦巴瓦峰', 'distance': '赏花胜地'}, {'name': '索松村', 'distance': '赏花胜地'}, {'name': '卡定沟景区', 'distance': '自然山水'}, {'name': '措木及日', 'distance': '自然山水'}, {'name': '鲁朗林海', 'distance': '踏青必去'}]",N/A
16,"结巴村",4.6,"林芝市工布江达县","全年全天开放","结巴村位于巴松措湖南岸凹地处，是工布藏族的齐聚地，也是兴赤赞步王宫遗址。“结巴”藏语意为“遗忘”，和着这里的山水，名字倒也颇有诗意，进入这里仿佛进入到了藏地里的桃花源般恍如隔世。沐浴于雪山与碧波之中的结巴村，晨日照下的田园、桃树下的农舍、纯朴的村民与孩童，袅袅炊烟，伴随着工布人劳动的声音如仙境般，美得醉人。 原始工布风情的藏式村落结巴村就像一个被世人遗忘的世外桃源，在雪山、森林、绿水的怀抱中，宛若仙境。","[{'name': '松赞巴松措林卡', 'distance': '直线距离448m'}, {'name': '结布民俗村观光亭', 'distance': '直线距离506m'}, {'name': '巴松措星空户外泡泡帐篷营地', 'distance': '直线距离867m'}, {'name': '巴松措▪喜玛拉雅轻奢露营地', 'distance': '直线距离890m'}, {'name': '巴松措', 'distance': '直线距离1.4km'}, {'name': '扎西岛', 'distance': '直线距离1.4km'}, {'name': '卡巴拉日', 'distance': '直线距离3.5km'}, {'name': '巴松措', 'distance': '自然山水'}, {'name': '新措', 'distance': '自然山水'}, {'name': '米拉山口', 'distance': '登高爬山'}, {'name': '结巴村', 'distance': '古镇古村'}, {'name': '巴松措环湖游船', 'distance': '乘船游览'}, {'name': '林拉公路', 'distance': '城市漫步'}, {'name': '尼洋河', 'distance': '登高爬山'}]",N/A
17,"鲁朗景区",4.5,"西藏自治区林芝市巴宜区鲁朗镇318国道附近",N/A,N/A,"[{'name': '德木冷泉河', 'distance': '直线距离332m'}, {'name': '鲁朗骑马场射箭场', 'distance': '直线距离376m'}, {'name': '鲁朗小镇牌坊', 'distance': '直线距离915m'}, {'name': '高山牧场', 'distance': '直线距离2.8km'}, {'name': '纳麦村', 'distance': '直线距离3.0km'}, {'name': '田园风光观景台', 'distance': '直线距离3.0km'}, {'name': '鲁朗国际旅游小镇', 'distance': '直线距离3.5km'}, {'name': '巴松措', 'distance': '自然山水'}, {'name': '雅鲁藏布大峡谷', 'distance': '登高爬山'}, {'name': '南迦巴瓦峰', 'distance': '赏花胜地'}, {'name': '索松村', 'distance': '赏花胜地'}, {'name': '卡定沟景区', 'distance': '自然山水'}, {'name': '措木及日', 'distance': '自然山水'}, {'name': '鲁朗林海', 'distance': '踏青必去'}]",N/A
18,"新措",4.8,"西藏自治区林芝市工布江达县工布江达错高乡错久村","全年全天开放","“新”在藏语中是“木头、树”的意思，新措即指像一棵倒下的树形状的湖。也有人说，之所以叫“新措”，意思便是“新发现的湖”。 新措，知道它的人还很少，想来需走路两小时以上才能抵达也阻挡了相当一部分景点游热衷者。但凡了解的人都会说：新措之美太值得去徒步露营。而且，这世上的路若都是平路，也根本不会体验到徒步那份先苦后甜的酣畅舒怀了。","[{'name': '油比弄巴', 'distance': '直线距离7.1km'}, {'name': '门结母错', 'distance': '直线距离7.5km'}, {'name': '母那错', 'distance': '直线距离9.3km'}, {'name': '白朗曲', 'distance': '直线距离9.8km'}, {'name': '名当错', 'distance': '直线距离10.1km'}, {'name': '桑巴错', 'distance': '直线距离10.4km'}, {'name': '普钢落错', 'distance': '直线距离10.5km'}, {'name': '巴松措', 'distance': '自然山水'}, {'name': '新措', 'distance': '自然山水'}, {'name': '米拉山口', 'distance': '登高爬山'}, {'name': '结巴村', 'distance': '古镇古村'}, {'name': '巴松措环湖游船', 'distance': '乘船游览'}, {'name': '林拉公路', 'distance': '城市漫步'}, {'name': '尼洋河', 'distance': '登高爬山'}]",N/A
19,"波密桃花沟",4.8,"林芝市波密县桃花沟风景区","全年全天开放","说起林芝桃花沟，很多人会想起八一镇东南嘎拉村附近的大片桃花，但其实波密也有一片桃花沟丝毫也不逊色。波密桃花沟位于318国道靠近嘎朗村附近的地带，绵延近30公里，花期略早于八一镇的桃花沟，每年3月簇簇粉红装点在路边，是摄影的好地方。一入沟口，桃花簇簇，风景渐佳。","[{'name': '嘎朗湖景区', 'distance': '直线距离336m'}, {'name': '嘎郎景区', 'distance': '直线距离872m'}, {'name': '嘎朗村', 'distance': '直线距离1.7km'}, {'name': '卡拉错', 'distance': '直线距离2.4km'}, {'name': '西藏嘎朗国家湿地公园', 'distance': '直线距离2.8km'}, {'name': '嘎朗王宫遗址', 'distance': '直线距离2.8km'}, {'name': '藏芝星茶文化旅游研学中心', 'distance': '直线距离4.0km'}, {'name': '米堆冰川', 'distance': '自然山水'}, {'name': '岗云杉林', 'distance': '踏青必去'}, {'name': '波密桃花沟', 'distance': '赏花胜地'}, {'name': '嘎瓦龙景区', 'distance': '登高爬山'}, {'name': '古乡湖景区', 'distance': '登高爬山'}, {'name': '通麦大桥', 'distance': '地标观景'}, {'name': '通麦天险', 'distance': '城市漫步'}]",N/A
20,"色季拉山",4.6,"西藏自治区林芝市巴宜区","全年全天开放","色季拉山位于八一镇的东南侧，走川藏线时，波密到八一路上即会经过，是川藏线上有名的地标。色季拉山山口海拔4728米，视野开阔，可以远眺到鲁朗林海和背后的南迦巴瓦峰，是拍照的好地方。 山间遍布的杜鹃花也是色季拉山的有名景观，每年4-6月，从山脚到山腰，多达二十几种杜鹃在山间渐次开放，颜色、形状都多种多样，鲜艳夺目，结合着山口飘扬的五彩经幡，景色绚丽。游人经过时，都不免会驻足观赏。","[{'name': '色季拉山口', 'distance': '直线距离1.5km'}, {'name': '色季拉山观景台', 'distance': '直线距离1.5km'}, {'name': '楚什列古', 'distance': '直线距离4.5km'}, {'name': '鲁朗林海', 'distance': '直线距离4.6km'}, {'name': '美多查摸拉', 'distance': '直线距离4.6km'}, {'name': '鲁朗林海第一观景台', 'distance': '直线距离4.7km'}, {'name': '巴希烈古', 'distance': '直线距离7.1km'}, {'name': '巴松措', 'distance': '自然山水'}, {'name': '雅鲁藏布大峡谷', 'distance': '登高爬山'}, {'name': '南迦巴瓦峰', 'distance': '赏花胜地'}, {'name': '索松村', 'distance': '赏花胜地'}, {'name': '卡定沟景区', 'distance': '自然山水'}, {'name': '措木及日', 'distance': '自然山水'}, {'name': '鲁朗林海', 'distance': '踏青必去'}]",N/A
21,"雅鲁藏布江",4.6,"林芝市米林县",N/A,"雅鲁藏布江在古代藏文文献中称为“央恰布藏布”，它源出于喜巴拉雅山脉中段北麓冰山雪岭之中的杰马央宗冰川。水能蕴藏量丰富，在中国仅次于长江。","[{'name': '苯教古秀寺', 'distance': '直线距离1.4km'}, {'name': '吉日寺', 'distance': '直线距离1.6km'}, {'name': '卡斯木村', 'distance': '直线距离2.0km'}, {'name': '尼洋曲', 'distance': '直线距离2.4km'}, {'name': '真巴村', 'distance': '直线距离2.5km'}, {'name': '苯日神山', 'distance': '直线距离3.2km'}, {'name': '达则寺', 'distance': '直线距离3.7km'}, {'name': '巴松措', 'distance': '自然山水'}, {'name': '雅鲁藏布大峡谷', 'distance': '登高爬山'}, {'name': '南迦巴瓦峰', 'distance': '赏花胜地'}, {'name': '索松村', 'distance': '赏花胜地'}, {'name': '卡定沟景区', 'distance': '自然山水'}, {'name': '措木及日', 'distance': '自然山水'}, {'name': '鲁朗林海', 'distance': '踏青必去'}]",N/A
22,"鲁朗国际旅游小镇",4.7,"林芝市巴宜区沪聂线鲁朗珠江国际酒店西北侧约220米","全年全天开放",N/A,"[{'name': '鲁朗恒大演艺中心', 'distance': '直线距离116m'}, {'name': '鲁朗镇', 'distance': '直线距离258m'}, {'name': '广药白云山藏式养生古堡', 'distance': '直线距离287m'}, {'name': '高山牧场', 'distance': '直线距离1.1km'}, {'name': '纳麦村', 'distance': '直线距离1.3km'}, {'name': '扎西岗民俗村', 'distance': '直线距离2.2km'}, {'name': '扎西岗村', 'distance': '直线距离2.5km'}, {'name': '巴松措', 'distance': '自然山水'}, {'name': '雅鲁藏布大峡谷', 'distance': '登高爬山'}, {'name': '南迦巴瓦峰', 'distance': '赏花胜地'}, {'name': '索松村', 'distance': '赏花胜地'}, {'name': '卡定沟景区', 'distance': '自然山水'}, {'name': '措木及日', 'distance': '自然山水'}, {'name': '鲁朗林海', 'distance': '踏青必去'}]",N/A
23,"米拉山口",4.6,"林芝市工布江达县","全年全天开放","米拉山口即318国道经过米拉山时的山口，海拔5013米。这里是林芝和拉萨的地理交界处，而由于米拉山海拔较高有隔绝效应，山口东西两侧景色完全不同，东侧是绿植茂密的林芝，西侧则干旱苍凉，反差极大。 游客来到米拉山口一般是走318国道拉萨林芝一段时路过，米拉山也是当地藏族人心中的神山。山口处有巨大的经幡柱，五彩经幡迎风飘扬，风马随风飞旋，本身景色也很不错。","[{'name': '米拉山', 'distance': '直线距离<100m'}, {'name': '川藏公路', 'distance': '直线距离1.5km'}, {'name': '念卜错', 'distance': '直线距离3.2km'}, {'name': '爬国若错', 'distance': '直线距离3.6km'}, {'name': '热真错', 'distance': '直线距离5.3km'}, {'name': '潭巴错', 'distance': '直线距离5.3km'}, {'name': '思金拉措', 'distance': '直线距离5.5km'}, {'name': '巴松措', 'distance': '自然山水'}, {'name': '新措', 'distance': '自然山水'}, {'name': '米拉山口', 'distance': '登高爬山'}, {'name': '结巴村', 'distance': '古镇古村'}, {'name': '巴松措环湖游船', 'distance': '乘船游览'}, {'name': '林拉公路', 'distance': '城市漫步'}, {'name': '尼洋河', 'distance': '登高爬山'}]",N/A
24,"比日神山生态景区",4.3,"林芝市巴宜区八一镇泉州路18号",N/A,"比日神山位于林芝的城区八一镇东侧，步行就能到达，因此这里也成了游玩川藏线、林芝线的游客在八一镇休整时选择的景点。比日神山上树木、寺院、博物馆等景色丰富，爬山不算难，很值得去逛逛。 比日神山上修建了生态栈道，进入后沿着栈道爬山即可。这里是西藏本土原始宗教苯教的一座神山，因此在这里也可以看到一些苯教的特色遗址。山间也有藏传佛教的寺院比日寺，还有规模宏大的经幡柱，拍照非常壮观。山间另一个重要景点是林芝自然博物馆，以展示西藏本土的动植物标本为主，既有当地特色，也可以学到很多知识。","[{'name': '林芝禁毒文化广场', 'distance': '直线距离289m'}, {'name': '林芝市图书馆', 'distance': '直线距离418m'}, {'name': '松海阁', 'distance': '直线距离441m'}, {'name': '福建园', 'distance': '直线距离442m'}, {'name': '名流推拿养生馆', 'distance': '直线距离595m'}, {'name': '老鹰广场', 'distance': '直线距离624m'}, {'name': '古医堂足疗', 'distance': '直线距离629m'}, {'name': '巴松措', 'distance': '自然山水'}, {'name': '雅鲁藏布大峡谷', 'distance': '登高爬山'}, {'name': '南迦巴瓦峰', 'distance': '赏花胜地'}, {'name': '索松村', 'distance': '赏花胜地'}, {'name': '卡定沟景区', 'distance': '自然山水'}, {'name': '措木及日', 'distance': '自然山水'}, {'name': '鲁朗林海', 'distance': '踏青必去'}]",N/A
25,"比日景区",4.3,"林芝市巴宜区八一镇泉州路18号",N/A,"比日神山位于林芝的城区八一镇东侧，步行就能到达，因此这里也成了游玩川藏线、林芝线的游客在八一镇休整时选择的景点。比日神山上树木、寺院、博物馆等景色丰富，爬山不算难，很值得去逛逛。 比日神山上修建了生态栈道，进入后沿着栈道爬山即可。这里是西藏本土原始宗教苯教的一座神山，因此在这里也可以看到一些苯教的特色遗址。山间也有藏传佛教的寺院比日寺，还有规模宏大的经幡柱，拍照非常壮观。山间另一个重要景点是林芝自然博物馆，以展示西藏本土的动植物标本为主，既有当地特色，也可以学到很多知识。","[{'name': '林芝禁毒文化广场', 'distance': '直线距离289m'}, {'name': '林芝市图书馆', 'distance': '直线距离418m'}, {'name': '松海阁', 'distance': '直线距离441m'}, {'name': '福建园', 'distance': '直线距离442m'}, {'name': '名流推拿养生馆', 'distance': '直线距离595m'}, {'name': '老鹰广场', 'distance': '直线距离624m'}, {'name': '古医堂足疗', 'distance': '直线距离629m'}, {'name': '巴松措', 'distance': '自然山水'}, {'name': '雅鲁藏布大峡谷', 'distance': '登高爬山'}, {'name': '南迦巴瓦峰', 'distance': '赏花胜地'}, {'name': '索松村', 'distance': '赏花胜地'}, {'name': '卡定沟景区', 'distance': '自然山水'}, {'name': '措木及日', 'distance': '自然山水'}, {'name': '鲁朗林海', 'distance': '踏青必去'}]",N/A
26,"鲁朗花海牧场",4.6,"西藏自治区林芝市巴宜区(318国道)",N/A,N/A,"[{'name': '田园风光观景台', 'distance': '直线距离3.3km'}, {'name': '鲁朗林海', 'distance': '直线距离5.1km'}, {'name': '鲁朗林海第一观景台', 'distance': '直线距离5.1km'}, {'name': '扎米错', 'distance': '直线距离5.7km'}, {'name': '鲁朗景区', 'distance': '直线距离6.1km'}, {'name': '鲁朗骑马场射箭场', 'distance': '直线距离6.1km'}, {'name': '德木冷泉河', 'distance': '直线距离6.2km'}, {'name': '巴松措', 'distance': '自然山水'}, {'name': '雅鲁藏布大峡谷', 'distance': '登高爬山'}, {'name': '南迦巴瓦峰', 'distance': '赏花胜地'}, {'name': '索松村', 'distance': '赏花胜地'}, {'name': '卡定沟景区', 'distance': '自然山水'}, {'name': '措木及日', 'distance': '自然山水'}, {'name': '鲁朗林海', 'distance': '踏青必去'}]",N/A
27,"尼洋阁藏东南文化博览园",3.9,"西藏自治区林芝市巴宜区烈士陵园路",N/A,"尼洋阁藏东南文化博览园位于八一镇城外，是一处以表现门巴族、珞巴族等藏东南地区独有少数民族文化为主的博物馆。馆内共分为14个展厅，展示了很多有当地特色的文物、生活用品、服饰等，可以来此参观了解。 除了参观展厅之外，阁内走到尽头是一处售卖纪念品的地方，感兴趣的话可以挑选。另外，尼洋阁的建筑从外面看是一座很有藏族风格的圆塔，周围环绕着山峦，很有气势。每到夏天格桑花开，结合着建筑和山景很适合摄影。","[{'name': '藏东南文化遗产博物馆', 'distance': '直线距离151m'}, {'name': '工布藏族民居', 'distance': '直线距离220m'}, {'name': '烈士陵园(烈士陵园路)', 'distance': '直线距离259m'}, {'name': '娘乳岗景区', 'distance': '直线距离309m'}, {'name': '尼洋时光户外露营公园', 'distance': '直线距离336m'}, {'name': '时光绘影美术馆(林芝店)', 'distance': '直线距离443m'}, {'name': '大牧兄弟露营club', 'distance': '直线距离458m'}, {'name': '巴松措', 'distance': '自然山水'}, {'name': '雅鲁藏布大峡谷', 'distance': '登高爬山'}, {'name': '南迦巴瓦峰', 'distance': '赏花胜地'}, {'name': '索松村', 'distance': '赏花胜地'}, {'name': '卡定沟景区', 'distance': '自然山水'}, {'name': '措木及日', 'distance': '自然山水'}, {'name': '鲁朗林海', 'distance': '踏青必去'}]",4
28,"布久喇嘛岭寺",4.3,"西藏自治区林芝市巴宜区尼洋河下游左岸",N/A,"该景点位于尼洋河下游的布久乡，是一座藏传佛教红教（宁玛派）寺院。寺内建筑特别，周围景色优美，吸引很多游客前来求拜、观光。寺庙依山傍水，建立在山脚下的层层森林之中，有树木掩映，环境清幽。寺院的建筑中比较重要的是一座塔形佛殿，在其他寺院内都很少见。寺内的莲花生大士践石遗迹十分珍贵，精美的壁画也堪称藏东一绝。另外，在寺内向山下眺望，还可以远观到尼洋河美景，十分开阔。","[{'name': '喇嘛岭', 'distance': '直线距离168m'}, {'name': '工布花谷', 'distance': '直线距离1.6km'}, {'name': '工布原乡景区', 'distance': '直线距离2.0km'}, {'name': '琼果林景区', 'distance': '直线距离2.5km'}, {'name': '布久朵当村桃花园', 'distance': '直线距离3.4km'}, {'name': '布久寺', 'distance': '直线距离3.5km'}, {'name': '帮纳民俗村', 'distance': '直线距离5.7km'}, {'name': '巴松措', 'distance': '自然山水'}, {'name': '雅鲁藏布大峡谷', 'distance': '登高爬山'}, {'name': '南迦巴瓦峰', 'distance': '赏花胜地'}, {'name': '索松村', 'distance': '赏花胜地'}, {'name': '卡定沟景区', 'distance': '自然山水'}, {'name': '措木及日', 'distance': '自然山水'}, {'name': '鲁朗林海', 'distance': '踏青必去'}]",N/A
29,"福建园",4.2,"西藏自治区林芝市巴宜区八一镇泉州路18号","具体营业状态以当天开放情况为准","福建园位于林芝八一镇内东南部，因福建省援助兴建而得名。园内建筑以“闽芝湖”为中心，辐射四周。主要有八大景观：芝阁飞云、武夷霞辉、双塔胜迹、天湖印月、春迎鹃柳、夏拥兰荷、秋映枫桂、冬照松梅。","[{'name': '林芝禁毒文化广场', 'distance': '直线距离157m'}, {'name': '名流推拿养生馆', 'distance': '直线距离170m'}, {'name': '深圳广场', 'distance': '直线距离274m'}, {'name': '老鹰广场', 'distance': '直线距离275m'}, {'name': '林芝市图书馆', 'distance': '直线距离405m'}, {'name': '福建广场', 'distance': '直线距离424m'}, {'name': '比日神山生态景区', 'distance': '直线距离442m'}, {'name': '巴松措', 'distance': '自然山水'}, {'name': '雅鲁藏布大峡谷', 'distance': '登高爬山'}, {'name': '南迦巴瓦峰', 'distance': '赏花胜地'}, {'name': '索松村', 'distance': '赏花胜地'}, {'name': '卡定沟景区', 'distance': '自然山水'}, {'name': '措木及日', 'distance': '自然山水'}, {'name': '鲁朗林海', 'distance': '踏青必去'}]",N/A
30,"嘎拉桃花村",4.6,"西藏自治区林芝市巴宜区八一镇东南方向约5公里处(近嘎拉村)",N/A,"嘎拉桃花村位于林芝八一镇东南侧大约5-6公里处，靠近嘎拉村附近，沿着尼洋河畔两侧的田园和山丘上，有密集的桃花盛开，一簇簇装点在碧绿草甸上，风光醉人，很受摄影师的喜爱。每年的3月下旬左右非常适合游玩嘎拉桃花村，此时正是桃花开的旺的时间，林芝的桃花节一般也会在此时举办，经常会有一些民俗表演等特色活动。","[{'name': '噶拉桃花树', 'distance': '直线距离<100m'}, {'name': '林芝桃花园', 'distance': '直线距离<100m'}, {'name': '嘎拉村红色研学主题教育展览馆', 'distance': '直线距离258m'}, {'name': '真巴村', 'distance': '直线距离2.5km'}, {'name': '尼洋曲', 'distance': '直线距离3.8km'}, {'name': '林芝桃花节', 'distance': '直线距离3.8km'}, {'name': '于麦观景台', 'distance': '直线距离4.0km'}, {'name': '巴松措', 'distance': '自然山水'}, {'name': '雅鲁藏布大峡谷', 'distance': '登高爬山'}, {'name': '南迦巴瓦峰', 'distance': '赏花胜地'}, {'name': '索松村', 'distance': '赏花胜地'}, {'name': '卡定沟景区', 'distance': '自然山水'}, {'name': '措木及日', 'distance': '自然山水'}, {'name': '鲁朗林海', 'distance': '踏青必去'}]",N/A
31,"卧龙奇石",4.0,"西藏自治区林芝市米林市306省道西50米","具体营业状态以当天开放情况为准",N/A,"[{'name': '邦拉果', 'distance': '直线距离5.3km'}, {'name': '郎玛戈错', 'distance': '直线距离10.5km'}, {'name': '巴桑加拉', 'distance': '直线距离12.1km'}, {'name': '错察谋', 'distance': '直线距离12.3km'}, {'name': '阿嘎朗', 'distance': '直线距离12.6km'}, {'name': '达拉果', 'distance': '直线距离13.9km'}, {'name': '错昌木', 'distance': '直线距离14.6km'}, {'name': '巴松措', 'distance': '自然山水'}, {'name': '雅鲁藏布大峡谷', 'distance': '登高爬山'}, {'name': '南迦巴瓦峰', 'distance': '赏花胜地'}, {'name': '索松村', 'distance': '赏花胜地'}, {'name': '卡定沟景区', 'distance': '自然山水'}, {'name': '措木及日', 'distance': '自然山水'}, {'name': '鲁朗林海', 'distance': '踏青必去'}]",N/A
32,"排龙温泉",5.0,"西藏自治区林芝市巴宜区G318(沪聂线)",N/A,N/A,"[{'name': '排龙温泉帐篷营地', 'distance': '直线距离152m'}, {'name': '排龙自驾房车露营地', 'distance': '直线距离196m'}, {'name': '老虎咀', 'distance': '直线距离1.3km'}, {'name': '落日', 'distance': '直线距离2.6km'}, {'name': '迫龙沟特大桥', 'distance': '直线距离2.8km'}, {'name': '迫隆藏布', 'distance': '直线距离2.9km'}, {'name': '培隆贡支', 'distance': '直线距离4.0km'}, {'name': '巴松措', 'distance': '自然山水'}, {'name': '雅鲁藏布大峡谷', 'distance': '登高爬山'}, {'name': '南迦巴瓦峰', 'distance': '赏花胜地'}, {'name': '索松村', 'distance': '赏花胜地'}, {'name': '卡定沟景区', 'distance': '自然山水'}, {'name': '措木及日', 'distance': '自然山水'}, {'name': '鲁朗林海', 'distance': '踏青必去'}]",N/A
33,"江河汇流",4.4,"西藏自治区林芝市巴宜区雅鲁藏布江(岗派公路北180米)","具体营业状态以当天开放情况为准","尼洋河是雅江的五大支流之一，又称“娘曲”，全长300余公里，河水含沙量少，清澈见底。在汇流处，尼洋河水清澈而湍急，雅江水浊而流速缓慢，一清一浊，泾渭分明。尼洋河水汇入雅江逆流而上，形成倒流奇观。","[{'name': '雅鲁藏布江江河汇流处', 'distance': '直线距离511m'}, {'name': '老观景台', 'distance': '直线距离2.3km'}, {'name': '羌纳寺', 'distance': '直线距离3.0km'}, {'name': '尼洋河风光带', 'distance': '直线距离3.7km'}, {'name': '尼洋河观景台', 'distance': '直线距离3.7km'}, {'name': '雅尼国家湿地公园', 'distance': '直线距离3.7km'}, {'name': '拉日江多寺', 'distance': '直线距离4.7km'}, {'name': '巴松措', 'distance': '自然山水'}, {'name': '雅鲁藏布大峡谷', 'distance': '登高爬山'}, {'name': '南迦巴瓦峰', 'distance': '赏花胜地'}, {'name': '索松村', 'distance': '赏花胜地'}, {'name': '卡定沟景区', 'distance': '自然山水'}, {'name': '措木及日', 'distance': '自然山水'}, {'name': '鲁朗林海', 'distance': '踏青必去'}]",N/A
34,"扎贡沟风景区",4.0,"西藏自治区林芝市米林市306省道","具体营业状态以当天开放情况为准。","扎贡沟原始森林位于米林县南部的南伊珞巴民族乡扎贡沟内，距离县城7公里，沟内藏药材尤为丰富，分布着贝母、虫草、党参、红景天、天麻、三七、雪莲花、野牡丹、秦究、藏麻黄、林芝、三颗针、雪山一枝蒿等价值较高的藏药材及松茸类和蕨类植物。","[{'name': '南伊沟', 'distance': '直线距离2.9km'}, {'name': '一杆清台球俱乐部', 'distance': '直线距离5.5km'}, {'name': '米林县全民健身活动中心', 'distance': '直线距离5.7km'}, {'name': '海康洗浴足浴', 'distance': '直线距离5.8km'}, {'name': '舒心浴室(厦门新村路店)', 'distance': '直线距离5.9km'}, {'name': '斌馨沐浴', 'distance': '直线距离5.9km'}, {'name': '雪域桑拿洗浴中心', 'distance': '直线距离5.9km'}, {'name': '巴松措', 'distance': '自然山水'}, {'name': '雅鲁藏布大峡谷', 'distance': '登高爬山'}, {'name': '南迦巴瓦峰', 'distance': '赏花胜地'}, {'name': '索松村', 'distance': '赏花胜地'}, {'name': '卡定沟景区', 'distance': '自然山水'}, {'name': '措木及日', 'distance': '自然山水'}, {'name': '鲁朗林海', 'distance': '踏青必去'}]",N/A
