id,attraction_id,review_text,rating,date
1,1,"无公交必须开车驶达，午饭在景区吃的中档自助餐。进园时游客把接受的哈达挂在牛头骨上祈福，并与南迦巴瓦峰（世界第28高峰，俗称“十次九不遇”的神山：每年90%时间被云雾缭绕，仅30多天会云开雾散一睹真容）背景墙拍照，待会会获赠此照片的书签，再付30元能拿到大照片（包括电子版）。峡谷全长500多公里，是世界最长峡谷，目前只开发了28公里，再往前有个大风口无法施工。\n2、景区共4站，第一站是“大渡卡”，是大峡谷起点，这里500多年前是工布藏族首领的城堡，毁于与波密的战斗中，仅剩遗址，是景区内唯一的人文景观以及文物（不能碰）。每辆观光车停靠后都会分配讲解员引领登上遗址，最远处山脉背后就是印度国境了。峡谷入口江中小岛上的小寺，传说是镇压藏传佛教里的某个恶魔而建，讲解员说汛期江水淹没沿滩时都无法淹没这寺，很神奇。随后经过碰一下就肿的植物、六字箴言符号、“大峡谷起始点”石碑后，到南迦巴瓦峰观景台，讲解员讲了下向神峰祈福的注意事项后，可自愿买福铃祈福，有黄绿红白蓝5种颜色的福铃（象征着经幡的5种颜色），分别代表不同意义，每个60元。结束后我又走一圈，把因为人流密集或是听讲解没来得及拍照的地方补拍一下。\n​3、第二站是“爱情广场”，被设计成在南迦巴瓦峰前山盟海誓地方，除一珠千年古桑树外没其他的自然景观（有个“爱情花海”景观，可能因为花期已过只有绿树），有关爱情的人造景观和游乐设施较多，彩色藏文石、仿真热气球等都是高颜值景观。海拔3099米的世界最高“悬崖秋千”看起来挺刺激，但连同旁边的餐厅和民宿都没营业。\n​4、第三站是“观山台”，有一大一小两个观景台，上方大观景台能俯瞰雅鲁藏布江U型江道，近处野花、中间江水、远方山峦构成了一副错落有致的画轴；下方小观景台看不到江水只能看到江畔田园民房。这里是墨脱水利枢纽派坝址，旁边的上山步行道封闭了。\n​5、最后一站是“亲水台”，顾名思义观景台离水很近。行车途径一段蜿蜒的下山道后来到峡谷谷底，此处峡谷骤然变窄、巨石密布，成为水流湍急的乱石滩。下车后沿路两侧的花卉像使者引领我走向雅鲁藏布江。拍完照后我在旁边的“峡谷康养温泉”泡脚，温泉水是从徒步2小时才能到的格嘎温泉引流到江边的，泡脚免费但必须点杯饮品，最便宜的姜汤5元一杯，恰逢当天阴雨连绵，边观赏窗外江景边喝姜汤暖胃的小资情调回味无穷。 行程结束，原路返回全程用时3小时。",5,2022-06-15
2,1,"每逢春季三月中到四月，来雅鲁藏布江大峡谷景区内不得错过的地方就是索松村，在这里雪山桃花一览无遗，那种壮美是照片无法表达的。我们到达那天很幸运可以看到南迦巴瓦，坐在山坡上等了半天，它露出了全貌，真的太美太美了！河对岸的桃花也开满了整个河谷，在雪山的映衬下犹如仙境一般，真的很值得一来！",5,2021-04-10
3,1,"去的时候路上的天气还不错，结果到进去之后天气一般，没看到南迦巴瓦峰，跟着观光车看了几个景点，住在江边酒店，这个酒店我很满意，酒店大堂有很多体验活动，但是没有老师教，就自己玩儿，可能是因为现在是淡季的原因",5,2020-05-20
4,1,"2019年11月，第一次来雅鲁藏布大峡谷景区。想象中应该树叶落掉，也不好看的样子，来看到的一切让我惊讶，这里的景色简直太美！让人沉醉！ 我也算走过万水千山的人，但从没亲眼看到过这样的景致。像颜料盒被打翻，各种色彩同时出现，让人眼花缭乱。壮阔的雅鲁藏布江奔流不息，峡谷高深到不能涉足。雄伟的南迦巴瓦峰直插云天，纯洁俊丽，是中国最美雪山啊！两岸的高山上松柏挺拔，一层层的植物垂直分布带非常清晰。江畔的油菜花竟然正在盛放，这可是11月啊江边的藏族村落宛然一副世外桃源，过自己的悠闲日子，不管尘世的一切。 两天的旅程非常棒！有机会定要再来，下次春天来看桃花",5,2020-03-16
5,1,"雅鲁藏布大峡谷景区真的很值得你自己好好的去体验一次，有人说景区门票贵，但是景色和在这里生活的淳朴藏民和他们的热情来说一点都不贵，反而是更值得。这里有着世界最大峡谷《雅鲁藏布大峡谷》和中国最美山峰《南迦巴瓦峰》。有菌中之王《松茸》。还有羞涩的卓玛姑娘和扎西。出去旅行不只是去看风景，更是去寻回自己——最本真的自己，这里是你最好的选择",5,2020-03-10
6,1,"川藏线上的美景（七）米林雅鲁藏布江大峡谷。\n         雅鲁藏布江大峡谷被称世界上最深的大峡谷，主要景观段是在墨脱县与米林县之间，一般游客都是去的米林，景区位于米林县派镇索松村，江边沿路有好几个免费观景台，可欣赏沿途峡谷风光与远眺南迦巴瓦峰，峡谷与山峰被云雾半遮半掩，在这里欣赏风光，有个特点，景色都是在对岸，峡谷山峰和村庄都是时瘾时现，会人感觉特别的美好。",5,2019-07-29
7,1,"好多去过雅鲁藏布大峡谷的人都说，门票太贵，景色没有想象中的好，性价比不高，我认为雅鲁藏布大峡谷毕竟是全世界最长的峡谷，落差最大的峡谷，奔腾的雅鲁藏布江穿峡谷而过，峡谷内可以从多个角度欣赏到中国最美雪山—南迦巴瓦峰，三四月的桃花季，整个峡谷内布满了地毯般铺开的桃花，桃花，峡谷，江水，南迦巴瓦，这些元素融合在一起，绝对的值回票价和不虚此行，而观景最好的方式是徒步，不坐景区大巴。我就是坐了一小段的大巴，在第一站就下车了，然后一路步行一路拍照，走到索松村，晚上住在索松村，客栈可以吃饭，村里也有小卖部。第二天一早天没亮就出发去看南迦巴瓦日出，然后一路徒步走到了达林村，过了达林村一直走到公路大拐弯的地方才回头，一路走回索松村，在索松村坐车去景区大门。徒步的一路，运气很好，蓝天白云，能见度极高，南迦巴瓦峰相伴一路，个人认为索松村是拍摄南迦巴瓦峰的最佳角度。",5,2019-07-24
8,1,"雅鲁藏布大峡谷景区内的索松村是米林县最佳赏花地，雪山下桃花盛放，犹如樱花怒放的富士山，是西藏最有名的世外桃源。这里不光有有漫山遍野的百年桃树，还有咆哮而过的雅鲁藏布，远处是巍峨高耸的南迦巴瓦峰。满树和娇烂漫红，万枝丹彩灼春融。小桃西望那人家，出树香梢几树花。",5,2022-04-10
9,1,"这家风景真的很美，堪称人间仙境、世外桃源，没有之一👍我个人认为。有机会还要带家人再来看看，分享这份纯净和静谧的美好！空气透亮、水流清澈碧绿，这是内地根本见不到的，蓝天白云就不提了，还有世界最大的峡谷非常壮观、雄奇👍，南迦巴瓦峰也见到了，是中国最美雪山呢！还有没见过的植物，像上了一堂科普课。坐了热气球，据说是世界海拔最高的，在世界屋脊飞起来的感觉很不错。景区大巴车司机服务态度很好，让我别着急不要奔跑、慢慢来，好贴心啊，必须点赞👍",5,2020-04-28
10,1,"雅鲁藏布江大峡谷非常值得一看，尽管远没有开发完。峡谷入口处的江水湍急，江面开阔。乘观光车沿江而上，盘山公路狭窄陡峭，有千年古桑、情比石坚等五处景点可看。在多处观景台可看到气势磅礴的南伽巴瓦山，一座人类至今没有征服的雪山。全程下来需3小时。",5,2018-06-12
11,2,"南迦巴峰被评为（中国🇨🇳最美雪山）是看日照金山最佳地点之一，作为中国🇨🇳西藏自治区林芝市最高山峰，有西藏（丛山之父）之称，因长年积雪，云雾缭绕，传说十人九不遇，所以它也被称为（羞女峰）每年的十月到次年的四月来南迦巴瓦峰看日照的概率可以拉满，观看金山的必要条件是大晴天，阴天是看不见的，务必关注天气再出行",5,2025-01-24
12,2,"第一次来林芝，就有幸有缘能看见南迦巴瓦峰的日出和日落，并且看到“日照金山”，面向南迦巴瓦山许下了心愿，感恩一切～\n日落：在雅鲁藏布江大峡谷时看到了“日照金山”时间大概在六点多一点\n晚上住在『公尊德姆农庄』，第二天一早，来到农庄旁边的湖边，正对着『南迦巴瓦山峰』，湖面清净如镜，飘着丝丝青烟。11月中旬，日出时间在7：40左右",5,2020-11-14
13,2,"说实话没什么性价比一说，祖国的大好河山传说都属于人民。但现在人民去哪都得交钱，要不然寸步难行。我所有的五星好评都是给南迦巴瓦的，太美了，从二十年前不收费开始来看他，无论风霜雨雪，还是阴雨连绵，每次都没让我白跑几千公里，每次都是我到，他出现。所以五星⭐⭐⭐⭐⭐都是给他的。",5,2023-09-08
14,2,"观看南茄巴瓦峰的最佳地方是索松村！但是在春，夏，秋天一定是要运气爆棚的人才能看到！据说是只有百分之五的人才能看到。但是冬天去的话概率就大的多了！去年冬天我们在那住的三天！南迦巴瓦峰就在眼前。日照金山天天都有。太震撼了！不愧为中国最美山的首位！",5,2019-09-10
15,2,"南迦巴瓦峰，世界第二十八高峰，海拔7782米，一座未曾被人类征服的雪域神山，中国最美雪山，因为常年云雾环绕，十人九不遇，因此又叫羞女峰，却也因为其云雾的不一致，每次只要见到，拍照的风景都是独一无二的，找不到相同的两张照片，何其有幸见到这个季节最美的照片。因为海拔高，很多地方都可以看到一部分，如果要看到雪山的全貌，还得来雅鲁藏布江大峡谷内的索松村，这里雪山景独树一帜，如果说要找到雪山最佳的观景以及摄影位置，就在吉美南峰桃源酒店内，他们的院子和四楼露台是南迦巴瓦峰最佳的摄影位置及观景点，即使我们没入住他酒店他们也热情接待带领我们参观他们的院子，服务非常好，所以第二晚就入住他们家酒店了，这家酒店的位置是整个索松村看雪山最佳的位置，视野开阔无任何阻挡，距离最近而且很正，院子里种满了花非常美丽，中国最美雪山还是非常值得一看的。\ntips:因为索松村在雅鲁藏布江大峡谷内需要购买门票，不建议买全票，跟景区说直接购买景区大门票即可，入住在索松村，可以自驾直接进村子非常方便，第一次过来买了全票，去了南岸感觉略坑，还是北岸索松村的风景最美（雪山照片就是在吉美院子里拍摄的）。",5,2021-06-24
16,2,"南迦巴瓦峰位于中国西藏自治区东南部米林市、墨脱县、波密县交界的雅鲁藏布江下游大拐弯内侧，是喜马拉雅山脉最东端的山峰，也是东段的最高峰，海拔 7782 米，是世界第 15 高峰。南迦巴瓦峰的峰体外形呈角峰状，有三条山脊，其巨大的三角形峰体终年积雪，云雾缭绕，从不轻易露出真面目，因此又被称为 “羞女峰”。",5,2024-11-06
17,2,"美丽壮观的万年迦巴瓦峰，能够亲眼目睹它，真真难得，我是在林芝坐班车入去南迦巴瓦村，先有幸看到它的壮观，我进过时在路边就看到南迦巴瓦峰，在村里住在一晚，但一入夜天气变差，羞羞的又将它带上面纱，不过难得一见先会记得劳",5,2022-07-26
18,2,"南迦巴瓦峰是西藏最古老佛教庸仲本的圣地，因此也披上了一件神秘的外衣，是喜马拉雅山脉的一支，全球排名第二十八位。\n\n去看南峰这天，运气不错，能看到南峰，但又是云雾缭绕，不能完全看到南峰的全部，突然想起一首歌，你让我喝却不让我醉，我真的活得好累，呵呵哒，就是这么不能尽兴。\n\n早就跟大家说过了，这个世界真的是有天意的，你留意一下，真的会发现很多巧合，很多奇异是无法解释的，我身边真的有太多这种事情。如果你没有发现这些专属于你的神奇，可能只是说明老天对你不是很有兴趣。",5,2021-04-23
19,2,"开车去鲁朗小镇，路上正走着，一个转弯路上，的确是路上停了一遛车，车边一群人支着相机拍照，还有一群穿制服的应该是森林消防拿着手机拍，我特别好奇的也在路上停下了车，好奇在拍啥，顺着他们相机的方向看了半天，后来混到那群森林消防的人堆里，听他们说开车天天从这过巡逻，这是第二次见这座山峰，就是这座大名鼎鼎的山峰⛰️",5,2019-11-08
20,2,"墨脱是一个需要亲身经历的地方，去过也许会后悔，不去一定会遗憾，诸多细节不愿多说，唯有亲自感受才会有所感悟！最后的莲花秘境，在藏区平均海拔四千五百米的高原上隐藏着一个海拔一千米以下终年不下雪的世外秘境，当初中国自驾的终极目标！",5,2019-04-11
21,3,"巴松措湖水碧绿清澈，周围环绕着雪山、森林和草地，远处的山峰在阳光照耀下闪耀着银色光芒，山水相依的画面如诗如画。\n湖心岛上的措宗贡巴寺历史悠久，是西藏著名的红教宁玛派寺庙，建筑风格独特，寺内供奉着众多佛像和文物，充满神秘的宗教氛围。\n景区内植被茂盛，是众多野生动物的栖息地，有机会看到松鼠、鸟类等小动物在林间穿梭。",5,2025-02-25
22,3,"20220609下午：\n1、是西藏第一个5A景区，无公交需开车前往，沿路上黄色花海和紫色薰衣草花海是拍照点，另外还会途径一个小水坝。大门口有景区介绍，做工精美适合收藏纪念。观光车的餐饮区可以看到窗外美景，有小资情怀的游客可体验下。\n2、景区分3大块，“湖心岛”和“沿湖木栈道”是一起的，都在观光车第一站下；“达切拉观景台”在第二站下，第三站就到出口了。全景区遍地都是拍照点，但现今正值夏季又逢阴天，眼前只有一副绿、蓝、白3种颜色的冷色调画卷，缺少了春天、秋天的红色点缀没达到完美，略有遗憾。\n3、先去湖心岛，桥上可以喂鱼，鱼食5元一包，碧蓝清澈的水中，当地特有的无鱗鱼聚集在桥下乞食。桥旁有个游船码头，游船本身颜值高，只不过是帆船，出现在西藏感觉很奇怪。岛很小，上岛后一上石梯便到始建于唐朝末年的“措宗寺”，迎接我的是一个大转经轮，轮上的铭文据说是佛经，旁边还有个很多小转经轮的白塔。寺庙广场正中间有一座高大经幡杆树立，传说松赞干布曾到此征服妖魔，广场西侧是旅游商品店，东侧是酥油灯室。进入寺庙内，顺时针绕一周参拜一下各种佛，有一片小木格里存放的是经书。寺内要穿鞋套，不能拍照。寺庙后是个湖心观景平台，能最近得看到远处若隐若现的雪山峰，如果有人乘坐游船路过的话，还能拍到湖中游船别有一番情趣。从平台上到湖岸，会路过一株卧倒在头顶的藏川杨，高个子要当心别碰头。\n4、然后自己向第二站观光台迅速进发，导游怕时间来不及不让游客去，我是偷着去的。达切拉观光台只是一个高处观光平台，没有其它人文景观，步行上石阶仅用不到5分钟，加上拍照时间最多半小时。高处拍的巴松措全景更有立体感，全湖尽收眼底，比湖心岛中取景更美。所以跟团游的游客千万别听导游的，一定坚持在此观光车站停靠，花半小时来平台上拍照，全车20多人只有包括我在内的5个人来到观景台，结果我回到入口还比其他人早，很讽刺。\n5、回到观光车上，下一站就直接出景区了，景区出口有个商业摊位。行程就此结束，全程用时2.5个小时，时间紧没去环湖步行道，这也是跟团游不可避免的遗憾。",5,2022-06-17
23,3,"巴松措遗忘码头的泡泡屋，三百多将近四百一晚上，风景真的超赞，听工作人员说再过段时间湖水会涨潮，正好到泡泡屋下面一点点\n【景色】超美\n【趣味】赞\n【性价比】高",5,2020-05-11
24,3,"如果能有空余时间，强烈建议在巴松错多住宿几晚上而不要仅仅只是匆匆一日游，如果幸运，也许会遇见美得想哭的绝美晚霞和触手即可的星空。那真的是目前为止我见过的最美的晚霞！实在太美了，看的莫名的想哭。可惜当时晚霞壮丽的时候我的相机在拍其他角度的延时摄影，等狠心咬牙转过来时候绚烂晚霞已经消散，但水天一线的藏蓝色依旧美的让人心动。在弯弯的新月上方还有明亮金星和水星相伴随，仿佛像一个大笑脸。\n随着太阳的渐渐西落，云层也是渐渐散去，而在太阳坠入地平线之后，星辰便开始展现，这又是另一幕绝美视觉盛宴的上映。入夜后，星辰闪烁仿佛触手可及，可恨我轻微近视一切只是朦胧美。得益于高海拔的宁静地带，普通的单反相机随便都能拍出星辰的颜色和气辉云，这在内地简直不可想。",5,2020-05-07
25,3,"西藏存货太多，仿佛是聚宝盆，掏也掏不空。那么得抓紧陶啊，我还有满满的幸福感的西宁都来不及呈现呢。巴松措还剩下一个游船还没有发，今天补上。\n\n巴松措出发的时候，我做的是规规矩矩的有船舱的大船，但上岸后，又来了一艘橡皮快艇，不走寻常路的我突然就来了一个想法，回去坐橡皮艇如何？然后就是多方确认，首先确认到坐哪条回去都行，而且也有空位，然后再了解到虽然后面的船晚出发，但速度快，即使不会后发先至也至少前后脚到。然后就是跟我自己的导游确认好，导游一开始还在犹豫，怕我赶不上，你还得让驾驶员去说服一下，当然这只是忽悠的最低版本，就能让我体验了两条船，而且后面那条橡皮艇，至少我以前没坐过，都没有看到过。\n\n我一直说要拓宽人生宽度，其实更多的是你得想的到，其次你得有勇气去尝试，第三你得有这个本事到处忽悠，你要相信，只要你要的不过分，你就去大胆的疯狂忽悠吧，十有八九你可以得到你要的。\n\n勇气，不仅仅是让你跟人干仗用的，而是敢于追求自己想要的生活。人生短短几十年，搞清楚你到底来晃荡一圈是为了什么，这才是最关键的，是为了不惜一切代价证明自己有多能干，哪怕最后把自己的生活搞的一团糟？还是直接就像现在网络上流行的词语，躺平？呵呵哒，都不对，是要活的对得起你自己，对得起这短短几十年。",5,2021-05-14
26,3,"巴松措是旅游自驾休闲的好地方\n    巴松措景区集雪山、湖泊、森林、瀑布牧场、文物古迹、名胜古刹为一体，景色殊异，名类野生珍稀植物汇集，实为人间天堂，有“小瑞士”美誉。\n    景区很大，5月的门票享有半价，110元/人，如果自驾可住宿景区内---结巴村农家院，门票只收60元/人，住宿标准间180元，还有便宜的（门票住宿费门口收费一起收，可能考虑语言不通吧）。我住的是“旦培家庭旅馆”180元的，小二楼，干净、明亮， 房间很大，很宽敞，床上均有电热毯，有淋浴，独立卫生间，院里可停车。女主人非常淳朴、善良，免费给我们喝自酿的奶茶，酸甜可口，晚餐有菜谱可自点，藏猪肉、牦牛肉、藏鸡蛋很好吃，价格不贵。另外还有个事让我终身难忘，因去时我忘记带皮带了，于是向女主人要个小绳，结果女主人送了我一条小皮带，给钱说什么也不要，真是万分感激。\n    结巴村不远处有一观景台，放眼望去，青山绿水，另人陶醉，大自然的鬼斧神工无不令人震憾，真是不虚此行。",5,2018-05-29
27,3,"5点起床6点出发，踩着冰雹压着，只为见到你。巴松措湖，藏语意为三座雪山间绿色的湖，湖水清澈见底，四周环绕的雪山倒映其中，沙鸥浮游湖面，湖水透明可见游鱼如织，情趣怏然，有“小瑞士”美誉。岸边大约一百米处的扎西岛，传说是“空心岛”，岛与湖底是不相连而漂浮在湖水上的，让人觉得蔚为神奇。巴松错风景如画，我已冻成狗。",5,2020-03-18
28,3,"巴松措又名措高湖，藏语中是“绿色的水”的意思，湖面海拔3700多米，湖面面积达6千多亩，位于距林芝地区工布江达县50多千米的巴河上游的高峡深谷里，是红教的一处著名神湖和圣地。 蓝天、白云、碧水，周围森林密布，远处皑皑白雪覆盖在昆仑山上，如诗如画美不胜收。湖水碧绿柔美，周围青山依依，风景非常不错。湖心岛上的错宗工巴寺历史悠久，有特别的雕塑和建筑，也是祈福的圣地。 巴松措景区旅游开发比较成熟，是西藏比较老牌的旅游景区。进入景区后，需要乘坐观光车游玩，路上一般会停留三个点，分别是湖心岛旁、观景台和结巴村。另外，景区内还有游艇可以游湖，大约需要另外付费100元左右。 湖心岛可以通过建设在湖面上的步行栈道登岛，岛上的措宗贡巴寺建于唐代末年，岛上的礁石均雕刻成了别致的动物形象以及佛像，特别神奇。观景台离湖心岛不远，这里角度稍高，可以俯瞰湖水和小岛，巴松措最经典的照片就是出自这里。结巴村是湖边一处安静的村落，由于游玩巴松措的很多旅游团都不会在此停留，反而成就了这里的宁静悠然，村庄颇有些瑞士小镇的风貌，十分不错。",5,2020-03-15
29,3,"森林，雪山，村落，湖水，小岛，寺庙。巴松措几乎浓缩了藏东南风景人文的所有类型。\n        徜徉在巴松措，蓝天白云，雪山碧水，时间仿佛都可以静止下来。如果假期充足，真的愿意在这里再多停留，或是徒步，或是只是在岛上发呆，在纯粹如画的风景里让自己的心沉淀下来。",5,2019-05-07
30,3,"巴松措，又名错高湖，藏语意＂绿色的水＂，湖面海拔3480米，登上观景台，可以看到巴松措全貌，蓝天白云下碧绿的水，优美宜人的好地方。",5,2021-06-11
31,4,"索松村位于西藏米林县东部，雅鲁藏布江北岸。索松村是拍摄雪山、桃花同框的最佳打卡点，这里紧邻雅鲁藏布江，背靠南迦巴瓦峰，面对多雄拉雪山。来到半山腰的索松村，从高处放眼望去，村子里、农田边桃花烂漫。如果有幸遇到日照金山，拍摄花团锦簇下的南迦巴瓦峰，那就真的太幸运了。",5,2025-01-19
32,4,"索松村位于雅鲁藏布大峡谷景区内，有成片的桃林，是拍摄南迦巴瓦峰和桃花的好位置。南迦巴瓦峰被国家地理杂志评为最美雪峰，海拔7782米，终年积雪云雾缭绕，景色迷人。",5,2025-01-08
33,4,"索松村是看南迦巴瓦的最佳地点，各种角度都有。\n冬游西藏有免门票优惠，11月起看到日照金山的机会很高。",5,2024-11-13
34,4,"3月下旬至4月中旬这段时间，是西藏林芝一带的观看高原桃花的最佳季节。我们一行就在今年的3月25日入住到索松村（藏地之家客栈），据说这里是观看神山南迦巴瓦的最佳位置。果不其然，吃过晚饭后，我们登上了客栈的顶部，正面正对的就是神秘的南迦巴瓦神山。夕阳西下的日照金山奇观惊现眼前，夜幕下南迦巴瓦向我们展露出了它的真容（能看到全部山峰的机会真的不多，我们算是幸运的了）。第二天早上，我们一行向山下徒步，一直来到雅鲁藏布江的江边，回程时候因都是行走沙石路，且坡度较大，非常辛苦，(不建议没有高原经历的人如此徒步)但其间也拍到了一些难得一见的美景，也值得了。哈哈！不多说了，上片......",5,2018-04-30
35,4,"索松村位于雅鲁藏布江大峡谷的北岸，处于半山腰，面对南迦巴瓦峰，脚下是奔腾的雅鲁藏布江。每年春季，索松村的桃花盛开，漫山遍野的桃花如粉色的海洋，与雪山、峡谷、江水相互映衬，仿佛一幅绝美的画卷。这里的桃树多为百年老树，桃花开得格外娇艳，很多摄影爱好者前来观赏、拍摄。",5,2024-11-07
36,4,"索松村：林芝赏桃花大家大部分都会想到林芝的索松村。索松村位于雅鲁藏布大峡谷景区内，有成片的桃林，是拍摄南迦巴瓦峰和桃花的好位置。在到了吞白村之后，沿着吞白村开5公里盘山路就到了索松村，索松村在半山腰，面对南迦巴瓦峰，美丽的田园景色，村子旁就是雅鲁藏布江，还有一片茂盛的桃林。到了春季，桃花盛开，融合周边的江水、雪山，犹如被雪山和桃花包裹起来的世外桃源。村里有民宿，每逢到了桃花节都是一早被订满，而且价格翻倍，要在这里住的记得提前预定。在索松村静待日出日落也是不错的选择。",5,2021-07-03
37,4,"索松村在国家5A级景区雅鲁藏布江大峡谷内，每年三月中旬至四月中旬，大峡谷的桃花节，都是整个索松村内最火爆的时刻，基本都会超过整个村子里最大的接待量，因为偏远，人口稀少，整个区域认为遭到的破坏比较少，天然的桃花得以存活，根据树木大小推测，有些树木可能都有百年树龄，可以称之为神树，桃花盛开的时候，格外美丽。 中国最美雪山南迦巴瓦峰，就在大峡谷内，索松村是最佳的观赏位置，距离最近，最正，可以看到雪域神山的全貌，村内最里面的一家民宿吉美南峰桃源酒店是观景位置最好的，也是最里面的，距离神山只有18km。近距离感受到神山的压迫感。 索松村在江的北岸，处在大峡谷悬崖之上，这里的自然景色是最棒的，从北向南，看到是层次分明的农田和村落，从南向北只能看到光秃秃的断崖，风光差异很大。这家民宿的服务非常好，有带我们去悬崖边近距离感受中国第三大江以及雪山的磅礴，因为确实危险，只有他们店里管家带领才会过去，那是一般都看不到的风景，绝美推荐给大家，去那边只需要购买150元/位的大门票即可，还能自驾进入。如果有问题还能咨询他们管家，一路上他家服务最棒推荐给大家。",5,2021-06-27
38,4,"索松村在雅鲁藏布大峡谷景区内部，要买门票进入景区才能到达，其中有几个特色观景酒店，沿路还有美丽的桃花林，论景色真的是非常非常优秀了。但是基础设施稍显不足，餐厅不多，其他的酒吧和特色店铺几乎没有，商店也很少，如果基础设施到位了，旅游肯定可以做起来，毕竟守着绝佳的旅游资源。",5,2021-04-29
39,4,"索松村在林芝城区东九十多公里，219国道二个小时车程，索松村在雅鲁藏布江大峡谷边上。每年春天这里到处桃花盛开，美不胜收；索松村多个观景点能看到雄伟的南迦巴瓦峰，云卷云舒、气象万千。南迦巴瓦峰、桃花、雅鲁藏布江大峡谷、雪山构成了绝美、雄伟的景观。",5,2021-04-15
40,4,"在桃花盛开的地方，一个美丽的藏族山村。雅鲁藏布江大峡谷沿岸众多山村之一，其独特的位置，抬头就能见到南迦巴瓦峰，所以旅行者多到这儿来住下。至于可否一睹南迦巴瓦的面容，那就看你的运气了。它很羞涩的。",5,2018-04-12
41,5,"自驾前往措木及日，沿途的风景美不胜收。措木及日是一片仿佛遗世独立的冰湖仙境，湖水如镜，映照着远处皑皑的雪山，令人心旷神怡！措木及日不仅湖水清澈，四周的自然景观更是令人叹为观止。层林尽染，五彩斑斓，每一处都是自然的杰作，让人流连忘返。\n沿着湖边漫步，仿佛与大自然融为一体。乘坐小船轻轻划过水面，那份宁静与纯净更是让人难以忘怀，在这片仙境般的土地上，让人找到了内心的宁静与纯净。\n当地人非常热情，我们还品尝了当地的酥油茶，糌粑和藏香猪，让我们大饱口福。\n如果你来西藏林芝，一定要来措木及日，非常值得一游！",5,2024-10-20
42,5,"在车上看着森林越来越茂密，就很期待。下车后，感觉就这林子就不虚此行，用森森来形容很合适，更何况还有原生花海！措木及日湖也达到预期。要是自驾来会更好，可以在湖边好好净化自己，景区的观光车虽然不算仓促，但不够沉浸。",5,2022-07-24
43,5,"措木及日湖是林芝八一镇的饮用水源地，是离林芝最近的景区。措木及日景区真的很大，坐景区的车子在景区里还要驶约10多公里才能到达措木及日湖边。\n措木及日湖，又被称作为\""冰湖\""，每年过了夏季就会开始结冰了，湖区周围依旧是以冷杉、金竹为主的原始森林。湖水安然，天空静谧，在这样的环境里，仿佛已与一切纷争隔离。",5,2020-06-17
44,5,"风光极美，心灵得到了净化。尽管全程大部分时间在车上。如果能够自驾是最好不过的，适合陶冶情操，值得一去。湖边小镇有卖奶茶的，很好喝。将来一定自驾再去一次，待很久很久。",5,2020-09-21
45,5,"从日光之城拉萨出发，行驶400多公里，耗时10个小时，到达措木及日。适逢大雪冰冻景区封闭的第三天，经多方协调（此处省略一万字），终于在天黑前的最后一刻站在了措木及日湖口。“措木及日”藏语中的意思为观音的眼泪。措木及日湖又称“冰湖”，是一座古冰碛湖。位于林芝地区八一镇西北方向24公里，海拔约4100米，湖区以冷杉和金竹为主的原始森林保护完好，是天然的氧吧。",5,2020-03-16
46,5,"林芝的眼泪\n太爱了\n有点险\n有点原始\n没什么人\n要记得做好相关准备工作哈",5,2024-10-28
47,5,"我们到达林芝，拜访的第一个景区就是冰湖——措木及日湖。位于林芝八一镇的东北角，景区距离八一镇两公里，海拔4100米，天气阴晴不定，一定要带把雨伞☂️，景区车师傅也出租雨伞，五元一把。景色优美，是天然氧吧，夏天是避暑的好地方。主要景点有英雄树（图三）观音码头⛵️，布达拉宫神山，婚姻松等。是林芝打卡之地。",5,2020-12-15
48,5,"这个景区门口离市区不远，我们到达林芝入住酒店吃完午饭休息一下后已经下午三点半了，只有找林芝周边的景点了，搜到措目及日后，直接在酒店楼下扫码租了个麟智用车，就往景区走。开车很近，十几分钟就到了，但是景区里面坐车就远了，翻山越岭的到了湖边一看，就只有一个观景台，公路拦着，人行栈道也拦着，就只有一个角度看湖了。待了十几分钟就往回走了，不过出来马路上不知名的小白花开了，配合藏式围墙，还是多漂亮的",5,2019-05-05
49,5,"措木及日湖在山上，从山脚下到山上要坐很长时间一段观光车，如果有晕车的朋友，一定要吃晕车药！整个湖面很大很宁静，不过比较可惜的是去的时候在下雨，阴沉沉，灰蒙蒙的，看到的效果以及拍出来的照片不是特别好看！",5,2022-07-03
50,5,"海拨4100的一个湖，盘山的山路，不停的转弯，到山顶，然后步行一小段就可以看到了冰湖，天气好的时候，景色非常的优美!",5,2018-04-20
51,6,"鲁朗林海离色吉拉山口不远，门票30元，沿着一条不长的木栈道向下，到达一个圆形的双层观景台，俯瞰三面环绕的林海，林海绵延不绝，直至雪山，实在是非常壮观的景象。这个景点适合拍照，远处的雪山作为背景，近处的林海定下色调，拍出的照片效果非常不错。",5,2021-05-01
52,6,"鲁朗林海位于西藏林芝鲁朗镇境内，是一处云山雾海里的森林，面积很大，周边雪山林立，溪流蜿蜒，还有各种野花竞相开放，站在观景台上眺望俯瞰，景色如诗如画，仿佛人间仙境。",5,2023-01-10
53,6,"20220607下午：\n1、景区无公交，需开车沿318国道驶达，距色季拉山口26公里。\n2、从色季拉山口开不到6公里先到鲁朗景区的第一观景平台，算是鲁朗景区的前哨站。进大门后穿过商业摊位（卖家不是当地人，商品很多是义乌货，有高原反应的话可以买氧气瓶，1L的15元一瓶）后步行几分钟就到平台，面前是一望无际的林海，由于阴天只能看到近处没啥太惊艳的树林，观景长廊两侧有野花和挂着哈达色松树，远处一片阴霾没有传说中的蓝天白云山脉，晴天的美景是啥样只能去网上搜了，半小时便结束。此时南迦巴瓦峰（世界第28高峰，俗称“十次九不遇”的神山：一年90%的时间都被云雾缭绕，只有30多天会云开雾散一睹真容）的云雾散开一些，让我窥见其一角。\n3、因为是跟团游，20公里外的鲁朗主风景区（鲁朗镇、鲁朗牧场等）没安排去，只能等待以后二刷了。",5,2022-06-12
54,6,"从波密县城一路驶来，时不时有青山绿水从我们眼前划过，让人产生一种到了江南的错觉。然而随着盘山公路的到来，水渐渐消失了，接踵而来的只有连绵的青山，延伸至远处的山顶白雪皑皑，提醒着我们依然身处青藏高原！车停一旁站到山坡边透透气，轻冷的空气中送来丝丝松木香味，香味之中又揉杂着稍许动物的气味，我想:这应该就是大自然的味道吧！一根烟没抽完，忽然感觉山坡下不远处的草丛中有些动静，于是蹲下来观察，竟发现有一只毛茸茸的脑袋从草丛里伸出来四处观望，待我掏出手机准备拍下，一闪就缩回去了。距离的原因，我分不出是野兔、狼、狐狸，还是旱獭。但对于一个长年居于城市的人来说，已充分感受到大自然的奇趣了！",5,2019-05-18
55,6,"鲁朗镇位于林芝地区巴宜区，是一个森林群山环抱的宁静小镇，镇上则是木屋、篱笆的田园风光，远处群山上云雾缭绕，高山草甸上野花遍野，景色优美安然。总体景观为雪山脚下的森林花海牧场，巍峨的雪峰、挂满松萝的树木、四处闲逛的牦牛和藏香猪、清凉的溪水、开满花卉的草场、还有一片片的青稞田，空气清新，被称为天然氧吧。镇上的松茸石锅鸡餐馆遍布",5,2020-01-27
56,6,"2014年10月，六人同行，算是蜜月之旅吧。\n林芝被誉为西藏小江南，鲁朗则被称为中国小瑞士。 \r\n老于的一位生活在波密的至交好友特意赶来林芝，成为了我们这一行人的向导。这原本是个很帅的小伙，打扮打扮说不定可以成为校草，可是却坚持留在西藏奉献青春，现在已经可以明显看到脸上的高原红了。 \r\n我们租了辆车，一行七人浩浩荡荡开始短暂的自驾游。路上茂密的植被让人差点忘记了这是西藏，看到山腰间围绕的云彩才恍惚想起身在何处。西藏山路的艰险的确是名不虚传的，不但窄，弯又大又多，一侧沿着山，另一侧就是悬崖。一遇到拐弯的地方心里就捏着一把汗，好在老于同志不负众望，把我们安全顺利的带到了鲁朗。 \r\n2014年是马年，藏民有马年转山的习俗，路上常常会遇见一路磕着长头的虔诚教徒，毅力耐力着实让人敬佩。\r\n 鲁朗是个非常美丽的小镇，藏语意为“龙王谷”，坐落在深山老林之中。我们去的鲁朗林海则是鲁朗最美的景致之一，瓦蓝瓦蓝的天、低低的白云、灌木丛、草甸、云杉、松树，偶有几间木屋点缀在其中，如同一方世外桃源。另外，鲁朗的石锅鸡绝对是值得一尝的人间美味。 \r\n回程时，还十分好运气的见到了被称为“羞女峰”的难得一见的南迦巴瓦峰。不虚此行。",5,2021-12-16
57,6,"从林芝出发上318国道，翻过色季拉山口不远就是鲁朗林海，这是一片相当辽阔的原始森林带，古木参天、空气纯净，树枝上挂满了松萝。山口到达鲁朗镇的山路两侧均属于林海的范围，快到镇子前有一段路面不平且弯道很多，开车一定要特别小心，别光顾着观景。",5,2019-08-11
58,6,"今天又带着八十六岁的老父亲来到鲁朗景区，景色很美，震撼人心，旅游公司还安排我们吃了石锅鸡，味道很好，特别感谢司机兼我们车的导游张师傅（图片上白色大面包车就是张师傅的），开车平稳，并且按老父亲的需求，贴心帮我们联系合适住宿。还要再次感谢本月11号给我们在布达拉宫和罗布林卡的导游小孙，还有本月13号带我们去精品羊卓雍湖一日游的导游小白，玩了很多意外的地方，留下了很多的惊喜。西藏绝对是一个值得去的地方！景好、人也好！",5,2018-06-14
59,6,"绝色美景，人间天堂。来到鲁朗，人会不自觉地沉浸在这一派宁静的欢愉中，忘了时间，忘了忧愁，忘了来路，忘了归途，唯愿自己，安住在这静谧的风景里，安住在心湾里的那一面湖水旁。",5,2021-07-18
60,6,"我是2020.8.25号下午到鲁朗小镇，遇上好天气，在雪山脚下骑着白马，射着箭，吃着美味石锅鸡，住民宿，民缩很有当地哪种特色，空气清新气，旅程快乐",5,2020-08-26
61,7,"2018年3月终于出发去西藏，28日上午看完然乌湖，午饭后车程半个小时就来到米堆村子（位于八宿县然乌镇与波密县城之间），然后下车徒步1个小时去，一路见到肥沃更低茂密森林，原木搭建的西藏屋子大多是2层，有晒台，晒台上支起木杆搭满上年收货的额麦秆和青稞杆，每家院子想农场，长有高大乔木，树旁插有风马旗，随风飘扬，置身这样一个森林公园心神游离，离天堂真的好近。冰川、湖泊、农田、村庄、森立融汇一起，一派人余自然和谐画面。经过村子后，要想与米堆冰川做近距离接触的话，还要徒步走进层林尽染的森林，翻越三道冰川运动留下的终碛垅。当走上第三个终碛垅时，一个冰湖出现在眼前。冰湖的另一端有一道宽近两米、高达十数米的断裂的冰舌，发出幽幽的蓝光。从天而下的冰瀑布在阳光下闪着银色的光芒，近800米的落差让人感到一阵晕眩。一阵阵从冰川上吹来的寒风迎脸扑来，在强烈的阳光下，还是让人不寒而栗。这就是一个壮美的精灵-米堆冰川。",5,2018-05-04
62,7,"游玩米堆冰川，购票后乘坐景区观光车到徒步或骑马点。观光车路程不算长，因为自驾车不能进入，是必须要乘坐的。\n我们根据自己的身体状况，以及其他游客的建议，选择徒步游玩。毕竟高原，一定要量力而行。如果徒步，行动缓慢一些，多休息，路上可以补充些能量食物和水。最挑战的是登山到观景台的大约二百个台阶。这个季节去路上有很多树上吹落的毛絮，可以带好口罩。徒步回到起点的路相对比较省力。\n观景台上可以拍冰川在水中的倒影，在路途中可以拍到冰川扑面而来的雄壮。想比来古冰川，这里不能更近距离接触，但徒步难度较低。",5,2022-08-13
63,7,"这次10月自驾游西藏走的是318线，早上从八宿到林芝，经过波密先游了然乌湖，然后到米堆冰川，这是进入西藏后见到的第一个冰川，远远的就可以看到了漂亮的米堆冰川，50元的门票外加35元的景区游游车票就到了米堆冰川的观景门口，如要再近距离观赏还需150元坐马到冰川的脚下，我们去的那天晴空万里非常清楚的看到米堆冰川的真面目，冰川像个围椅状的冰盒，晶莹剔透的冰川与天空中的白云还有山上金黄的树木每一个角度都是一幅幅美丽的画卷。",5,2022-02-17
64,7,"位于西藏波密县的米堆冰川，10月初进的西藏，走的318川藏线，经过波密时看见了米堆冰川景点的路牌，开车到景点大门，门票50元，35元坐景区的电瓶车到冰川的观景点，如果要再近距离观冰川只能花150元坐牧民的马前进多2公里，这次运气好，碧空万里，远远就可以看到美丽的冰川了，感觉西游记的天宫就在眼前，美美的冰川与金黄的树木就是一幅漂亮的画卷，不愧为中国最美的冰川之一。",5,2022-02-08
65,7,"米堆冰川位于西藏东南林芝市波密县玉普乡的米堆村，景区大门就在国道318的旁边，购票后坐景区车几公里就到了。这里是念青唐古拉山与伯舒拉岭的接合部，米堆冰川雪线较低，雪线的末端只有3700多米，而冰瀑长，非常的壮观。因为雪线低，雪线以下不远处就有茂密的森林和冰湖，同时由于山体的岩石以红色为主，这就形成了多彩的色彩，白雪皑皑，彩云朵朵，森林绿郁葱葱，山峰火红，这一切倒映在冰湖中，形成五彩斑斓的米堆冰川。",5,2019-07-27
66,7,"从大门口开车6公里到达景区停车场，可以选择骑马或步行上山。步行距离约2公里，由于是高原，走的有点吃力，上气不接下气的。景色不错，就是天公不作美，阴沉沉的。赶上西藏景点免门票，此行0支出，心情无比幸福。",5,2018-04-22
67,7,"号称中国最美冰川，最美的时间不是4月，因为冰川下的湖尚未解冻，周边及湖中沙洲的树木尚未变绿。估计最美时间应该在6月以后。\n        从波密县城开车到米堆冰川需要2小时。骑马去观景台，往返费用100元。单程15分钟左右，有一段20米的上下坡。注意，骑马上观景台，只能停留10分钟。否则，牵马的藏族妹子会很不高兴，还要再加钱。所以，在租马时一定要问清楚停留时间。\n        冰川海拔在3800米左右，徒步去观景台大致有2.5公里，单程30分钟应该够了。如果你要拍照，至少要待30分钟。\n        观景台上有米堆冰川石碑，还可以下到湖边。",5,2018-04-04
68,7,"米堆冰川脚下就是一个藏族小村子叫米堆村，距离川藏318公路只有6公里，属于林芝地区波密县。由于海拔不高、温暖多雨，村子周围除了肥沃的土地就是茂密的森林。深秋的米堆冰川地区，漫山遍野的黄叶与从天而降的冰川，交织成一幅大美的自然风光，让人目不暇接而又久久难已忘怀。",5,2021-07-26
69,7,"走318必打卡景点，看过几大冰川还是觉的米堆冰川挺美的，门票50元，电瓶车36元，保险10元自愿购买，电瓶车是必坐的中间没啥看的路又远，下电瓶车可骑马好像是100元吧，我是走过去的25分钟吧，走的慢半个小时左右就到了，中间就有一个小坡，我觉的没必要骑马，走走挺好的。",5,2020-09-28
70,7,"西藏行第十一天，然乌至波密的路上。雪山冰川米堆冰川，靠近川藏公路，规模很大连绵不绝，据说也是世界上海拔最低的冰川，看到蓝天白云加上远方的雪山，还有绿树成荫，感觉蛮神奇的，这个世界上还有一个那么干净的地方",5,2019-04-20
71,8,"到了林芝去柏树王园林，本地人叫“大柏树”，如果需要问路，直接问“大柏树”，不要问“柏树王”在哪，有很多人不知道，一说“大柏树”人人都知道地方了。柏树王位于西藏自治区林芝县八益区巴吉村，海拔3040米，面积约20万平方米。\n这里的柏树木材优良，纹理辉丽有光泽，坚韧耐用，经久不腐且有香气。它的枝叶可提取芳香精，种子可榨油，治疗心悸、失眠和健忘症，树皮还可提取栲胶。",4,2020-06-24
72,8,"柏树王景区就在林芝市区旁边不到十公里的地方，现在修缮一新，停车场接待中心很大，我们是租车从措木及日出来后下午五点去的，景区整体不大，但神奇的是这么大块地方长了那么多的巨柏，最大的3200多年了，十几个人都抱不过来，其他柏树也不小，待上一两个小时，门票也不贵，还是值得一看",4,2019-05-05
73,8,"林芝的柏树，又叫林芝巨柏，柏树王，也称雅鲁藏布柏木，柏科柏属，是西藏特有的树种之一，特产于雅鲁藏布江和尼洋河下游海拔3000米—3400米的沿江河谷里，藏语又称为拉辛秀巴，意指神树，属国家二级保护树种。",4,2021-11-28
74,8,"世界柏树王园林，位于林芝市区和嘎拉村之间，真没想到敢于以\""世界之王\""来称谓这里的柏树。柏树王园林是旅游俗称，正式的名称是巴结乡巨柏自然保护区。这里有大树木分布集中，生长得好，是一片完整的巨柏林。 \n园内的古柏形态各异，参天大树在其它地方难得一见，在这里却成林成片，比比皆是，非常珍贵。其中最大的一棵高有50多米，胸径近15米，树龄3200多年，需12个成年人合围才能抱住它，被誉为“活的文物”，不愧是“世界柏树之王”。",4,2020-06-21
75,8,"西藏行第十四天，林芝世界柏树王园林，有世界巨柏王的美称，这里生长着数百棵千年的柏树，真的是叹为观止，这里的生态环境真的是历经了千年的岁月和年华",4,2019-04-23
76,8,"超级棒的景区，景区位于林芝市区，林芝宾馆打车过去20元左右，国庆期间过来游玩，本地人居多，外地游客很少。建议体力好的话爬到山上的观景台，沿途可以看到上百颗千年古树，非常壮观，而且观光台上看风景也非常不错。",4,2023-10-09
77,8,"去年自驾到西藏途经柏树王景区，想一睹柏树王的尊容，则因景区整修没有看成。今再次自驾到西藏总算见到3200岁的世界柏树王，真是有幸。如此高寿如此魁梧真是神树👍。感谢当地百姓对自然的爱护对神树的保护。",4,2024-04-18
78,8,"自驾前往林芝，越靠近林芝，越能感受到周边风景的秀丽，马路两边高耸入云的大树🌳，沉浸其中，那是真美。扎西德勒 万事如意 美丽的景区",4,2022-09-20
79,8,"巨柏胸径5.8米，树高50米，树龄2600年",4,2018-04-22
80,8,"景区并不算小，原以为里面只有几十棵巨柏，没想到是一大片，都是参天古树，这巨柏是一个稀有品种，是国家一级保护树种，最古老的有3200多年了，也就是大约商朝时期的树爷爷吧。在景区内处处都弥漫着柏香，值得一去。",4,2022-06-06
81,9,"雪山，河流，森林梦幻组合，大自然的鬼斧神工！",5,2024-08-23
82,9,"佛掌沙丘位于西藏自治区林芝市米林县丹娘乡雅鲁藏布江北岸，近雅鲁藏布大峡谷，因形如双手合十的佛掌而得名。因枯水期而露头的河沙，经年复一年地吹送堆积，形成了这一特兀的地貌景观。",5,2023-01-20
83,9,"在林芝去米林的路上，意外收获了这片沙，很神奇的自然现象，湿地、雪山、桃花，一转眼一片沙漠，虽然面积不算大，但里面走走还是需要点体力和时间的。去那天，风很大，全身都贯进了沙，唯一不满的是，门口有两个当地人在收门票，虽然一人5元，不算多，但官方发布4月30日前免所有藏区门票，这就是当地人自己在门口等着游人来收的，付完钱后没有纸质的票，更没有发票。希望当地旅游局管理下这种乱收费的现象！",5,2018-04-10
84,9,"是被很多人忽略的一个地方，个人觉得还是挺神奇的，不错的，门口有村民收取费用，一个人5块钱，这是附近的村子的一个扶贫的项目吧，一家一家的轮着来，如果滑沙的话还是滑得不是很快。",5,2018-04-03
85,9,"西藏林芝 佛掌沙丘。位于雅鲁藏布江北岸，近雅鲁藏布大峡谷的佛掌沙丘因形如双手合十的佛掌而得名。其实沙丘由于处于雅鲁藏布江中下游强风口地段，秋末至春末期间劲风如飓，沙丘前后河床上因枯水期而露头的河沙，经年复一年地吹送搬运并堆积，便形成了这一特兀的地貌景观。  ​​",5,2021-05-07
86,9,"佛掌沙丘位是八一镇去雅鲁藏布江大峡的途中的一个景点，景点不大，但很奇特，周围都是青山绿水，唯独这儿突起两座沙山，与周围环境格格不入，显得很突兀，沙色金黄，沙质细腻，近看和西北大沙漠差不多。",5,2019-07-25
87,9,"位于雅鲁藏布江畔，周围风景如画。江水，雪山，绿树和沙丘映衬在一起。枯水期只是倒影不怎么看的清楚，丰水期的话就会好得多。不过即便是枯水期，那里的景色也是很值得去欣赏的。",5,2018-05-03
88,9,"很漂亮的，可以尝试更近距离感受。有机会还要再去一趟西藏",5,2025-02-18
89,9,"“佛掌沙丘”，位于雅鲁藏布江北岸的山麓地带。每当枯水期时，其附近河流中常有河沙出露,经强风年复一年地吹送，逐渐在河岸上形成了这一巨大突兀的沙丘。关键是这个景观是无论什么时候都是需要一定的条件才能体现的，所以无论有无河水都需要有一定的观赏位置和角度。",5,2020-04-10
90,9,"佛掌沙丘位于米林县丹娘乡的雅鲁藏布江北岸，近雅鲁藏布大峡谷，因形如双手合十的佛掌而得名，是一片伫立在河边的佛掌形状的沙丘，非常奇特，适合在对岸拍照。而且观赏沙丘免费，观景台就在路边，所以一般游客路过此地时都会下车来看看。",5,2019-10-29
91,11,"因德兴大桥不能通车，自驾车不能驶入景区。\n在墨脱县政务中心对面乘车点购票（60元/人），到德兴大桥头下车，步行过桥后再转乘电瓶车到达观景台。\n景致如图。\n站在观景台上，自豪感油然而生。",5,2024-11-03
92,11,"果果塘大拐弯，景区不大，站在观景台，看到奔涌而来的雅鲁藏布江水如蛇形一般在云雾缭绕的茶园之间来了一个180°大拐弯，如同一条长龙盘踞在苍翠茂盛的雨林之间，奇特的景观让我感慨大自然的鬼斧神工。",5,2025-01-18
93,11,"就在林芝地区的墨脱。这个地方最出名的就是那个峡湾。一般峡湾都是以90度，或者说是小于90度，但是这个几乎是180度穿越全长，整个看起来河流非常的湍急。声音很大，但是比较适合在远处拍一个远景。拍全景的人应该还是不少的。这里来往不方便，但是现在有很多的旅游或者摄影爱好者会从林芝包车前往。大概需要两个小时，距离县城睡了有一段距离，但是Wi-Fi还是可以覆盖的。非常不错。",5,2018-04-16
94,11,"果果塘大拐弯，需要先到达墨脱县城了，再往里走。一早出发到达墨脱县城吃了午饭，再出发去果果塘，这样安排行程比较合理。现在私家车禁止开到江对面，只有在墨脱县政务服务中心外坐班车前往，来回60元/人。由于过江吊桥还在修建中，游客乘坐班车到达吊桥附近后，需要下车步行约500米，过桥前往景区观光车乘车点，再由观光车送往果果塘观景台，在这里你就能看到网红大拐弯了。如果天气不好，拍照出来的效果也非常的一般，我去的时候就是阴天，出图全靠PS。",5,2024-10-26
95,11,"果果塘大拐弯位于墨脱德兴乡境内，距离墨脱县城约12公里。果果塘大拐弯是雅鲁藏布江在流经墨脱时形成的自然奇观，因地形原因，湍流的江水遇到山峰的阻挡，围绕山峰来了一个180度的大转弯，形成了这一壮丽的自然景观。",5,2019-09-28
96,11,"雅鲁藏布江在果果塘这里盘了一个大弯,当地也叫蛇形弯。果果塘大拐弯因其俯瞰像一个棒棒糖,所以得名果果塘。就在林芝地区的墨脱。这个地方最出名的就是那个峡湾。一般峡湾都是以90度，或者说是小于90度，但是这个几乎是180度穿越全长，整个看起来河流非常的湍急。",5,2020-04-08
97,11,"到达墨脱县城需要过关卡，进行登记后方可进入县城。也许是今天赶巧了，晚上10点全城要停电。为了抓紧时间趁天还没黑去观看另外一个景点—果果塘大拐弯。墨脱最为著名的景点果果塘大拐弯，就是雅鲁藏布江在果果塘这里盘了一个大弯，当地也叫蛇形弯。果果塘大拐弯因其俯瞰像一个棒棒糖，所以得名果果塘。奔涌而来的雅鲁藏布江如蛇形般突然转向，罕见的景观让人叹为观止，峡谷间雨雾缭绕，犹如仙境；繁盛的植被掩映在这雨雾之间，美不胜收。\n墨脱是中国一个奇葩的县城,晚上7点禁止出入，到早上8点才允许出入。",5,2021-02-04
98,11,"西藏雅鲁藏布江西藏雅鲁藏布江果果塘大拐弯、林多大拐弯，高原河流、视觉震撼、莲花圣地、神秘墨脱。",5,2021-05-27
99,11,"原来的桥在维修，临时关闭，墨脱县城出发，走一段墨脱公路，过了第一座桥左转下坡，道路险峻，鲁古吊桥仅仅比一辆车稍宽，去景点的道路都是羊肠小道，比墨脱公路还渣，不过风景很美，很震撼，正所谓“无限风光在险峰”。",5,2018-03-29
100,11,"奔涌而来的雅鲁藏布江水如蛇形环绕，西南季风与雪山之巅寒气相碰撞，在半山腰产生连绵不绝的雾气，因此峡谷间常常云雾缭绕，繁茂的植被掩映在云雾之间，仙气十足，满足人们对于“仙境”的所有幻想。",5,2023-02-25
101,12,"离开 巴松措 上林 拉高速公路原路返回 林芝 县八一镇，路上没有收费。从八一镇决定改道去 雅鲁藏布江 大峡谷。下高速即见尼洋河湿地。尼洋河， 中国 青藏高原上的河流，是 雅鲁藏布江 众支流之一，但水量丰足，仅次于帕隆藏布江。尼洋河在此处汇入 雅鲁藏布江 ，形成一片巨大的湿地美景。",5,2020-04-28
102,12,"20220608上午\n1、无公交必须开车驶往，是“雅尼国家湿地公园”内的一处景点。“雅”代表雅鲁藏布江，“尼”代表尼洋河。景区第一站是“尼洋河风光带”，是江河交汇前的尼洋河畔湿地景观。\n2、从第一个景点“尼洋河风光带”开车一刻钟便到第二个景观“苯日景区”，北侧的苯日神山是西藏原生宗教的发源地，常有藏民信徒边走边拜得绕山一周，用血肉测量其周长。\n3、苯日景区是江河交汇点，唯一的景观是西藏第一个玻璃观景台，观景台上能看到尼洋河汇入雅鲁藏布江的壮阔景象。观景台上有抖音拍摄点，观景台外围有一对男女雕像（女的像藏族，男的像清朝，寓意没搞清），平台下方是游船码头、河中小岛（过不去，只种了树没有桥）、仿制蒙古包、餐饮区和小喷泉等。\n4、苯日景区耗时半小时，目测从刚才的“尼洋河风光带”沿河木栈道可以走到这个景区，木栈道会途径诸如“藏王墓”“苯日神泉”等景观，有等待二刷时步行细细观摩不留遗漏。",5,2022-06-14
103,12,"尼洋河风光带拥有苯日神山，以及环绕该山的七大古寺与转山古道。尼洋河发源于 西藏 自治区米拉 山西 侧的错木梁拉，由西向东流，经过 工布江达 县，在 林芝 县的则门附近汇入 雅鲁藏布江 ，尼洋河流经的八一地区在每年的三四月份会有桃花节，很值得一看。",5,2020-04-28
104,12,"听说景区推出了新的帐篷营地，最近又去打卡了，太值得体验了，在雅鲁藏布江的江心岛上安静、野奢的体验可能也只有在苯日景区能感受到了。",5,2021-10-14
105,12,"美丽的尼洋河环绕着苯日神山，美丽宜人的景色，让人放下所的疲惫，让人流年忘返，西藏真的是能让人慢下来的地方，在这里只有纯真，舒坦。据说尼洋河是林芝人民的母亲河，林芝是西藏的小江南，值得一来。",5,2019-08-07
106,12,"尼洋河在雅鲁藏布江众支流中排行第四，但水量丰足，因此尼洋河周围的土地被养的很肥沃，冲积岛上也是树木丛生。我们停在了雅尼国家湿地公园好好欣赏，来之前已经在网上翻阅了无数的图片，每个季节都有不同的景色。",5,2020-05-01
107,12,"雅尼国家湿地公园是一个很大的湿地公园，从雅鲁藏布江大峡谷出来，走了几十公里，沿途的观景平台都是写有雅尼国家湿地公园的牌子，感觉是依托尼洋河而建设的一个大型湿地，湿地在漂流纵横，树林很多，有的地方还能行船，感觉不错的样子，但我们因为要赶路，只在观景平台上看看，有点遗憾。",5,2019-07-25
108,12,"西藏雅尼国家湿地公园生机盎然，十分怡人。公园位于林芝市中南部的米林县和巴宜区境内的雅鲁藏布江与尼洋河交汇处，当江河在此相遇，广阔的三角洲湿地河流蜿蜒，形成旖旎的山水风光，幻化出了一幅壮阔而秀美的画卷！",5,2019-11-21
109,12,"藏传佛教中的神山，位于林芝地区，天地一色，很有神秘感，高原神山，有观景平台，有很多旅游团的游客，总体来说，还是有一定的参观价值！",5,2019-04-01
110,12,"景区江心岛的沙滩摩托很好玩，正好赶上在办沙滩摩托越野比赛，签个到，留个纪念。虽然没拿到奖，但是玩的很开心😁😁😁😁。",5,2021-10-14
111,13,"冬季人少，几乎包场，空气超级棒，只闻鸟鸣流水声，大自然真的好美",4,2024-12-11
112,13,"非常适合徒步的一个地方，雪山、草湖、原始森林、溪流，一应俱全。目前还没有门票，是整个林芝地区性价比最高的景点了。\n地点有点偏，自驾车容易到达，外面的村子有民宿，环境很赞。",4,2023-12-04
113,13,"我进的西门，有一家餐厅便宜好吃，老板还友善。景区里面所有工作人员都特别友善。就是西口进入要有非铺装路面，有一段是悬崖绝壁，而且炮弹坑很多，可能是专门留给越野爱好者的。",4,2024-07-27
114,13,"回来将近5公里，是不错的徒步徒步线路，但是后面走景色就比较单一了，80元的门票有些贵了。人非常少，而且只能通过11路，走不动好像没看到应急方案。",4,2024-09-24
115,13,"被誉为中国最美的原始森林，天然大氧吧，漫步其中好不惬意。森林里有一湖泊—草湖，面积不大但湖水清澈，倒映这雪山、蓝天、白云，美不胜收。",4,2024-08-11
116,13,"天然森林大氧吧，走走也不累，远山近水，蓝天白云绿树，很舒服",4,2023-08-05
117,13,"很好的地方，空气清新",4,2023-06-01
118,13,"路不大好走，性价比不是很高，50左右比较好\n【景色】",4,2023-04-16
119,13,"景色优美，体验好",4,2022-08-18
120,14,"2020年3月25号 \n地点:波密桃花沟\n波密桃花沟的桃花全部已开\n一个游客都没有，虽然风景很美，但是没有人欣赏 。随处可见的美景 ，中国最美的春天绝对在波密，这蓝天，这白云，这桃花，这雪山，这绿油油的青稞地，词穷不会形容 ，决定在桃花盛开时期什么都不干，就赏花，绝对不要错过这个春天，谁知道接下来会发生什么事，活在当下。今年的波密美景恐怕只有波密人才能看的到了，期待以后国泰民安。",5,2020-03-26
121,14,"必须去的美景!      4月3日上午，从波密县城出发，开往桃花沟。\n      一入沟口，桃花簇簇，游人络绎。桃花，风景渐佳。到如纳村前，是桃花大道，有两处风景甚美，游人驻车赏花，拍照。\n      一处是高大的桃花树筑成桃花拱形覆盖公路，前后左右均有雪峰加持。\n        一处公路两边有绿色青稞田，褚红色的石墙，点缀桃红色，粉红色的桃花，背景则是高耸的雪峰。进入农户的青稞田拍照需要付费每人5元。\n        过了如纳村，到最美的波密监狱，街边有几家餐馆，超市。正好吃午饭，补充水，食物。\n         注意几处\""最佳摄影点\""的木牌，景色优美，盛开的桃花配以矗立的雪峰，绿色青稞田，真是最美。\n        盘山公路上的一处最佳摄影点，居高俯瞰层叠的桃花和雪峰。另一处最佳摄影点堪称最美的桃花~~一小块绿色青稞田被粉色桃花围绕，层叠渐上，雪山成为最佳背景。\n        最后，抵达许木乡，桃花沟的尽头，景色尚可。\n注意: 沟口到尽头的距离约70公里。午饭可以在如纳村后的倾多波密监狱对面的小餐馆。沟内没有卫生间，超市也少，带足饮水。",5,2018-04-03
122,14,"前几天写了色季拉山口的雪，就有旁友关心到了西藏江南的花。那就来看看桃花沟的花吧。\n林芝地区号称西藏江南。一年一度的桃花节是林芝旅游闻名全国甚至全球的名片。而高原的桃花又不同于江南，树高花繁开的狂野，更具有高原粗犷的个性。\n三月，林芝境内的桃花遍布各处，尤以桃花沟最为壮观。虽寒意未尽，却已是花的海洋，远方的雪峰还有皑皑的白雪，粉嫩的桃花已如醉霞争相斗艳。\n而今，随着旅游设施的不断完善，去往桃花沟，交通等各方面也是非常方便。这个三月，不妨去高原赏一场桃花的视觉盛宴吧。",5,2019-04-03
123,14,"基本上都在展示宣传波密桃花沟沟口，真正桃花持续时间最长，拍照最出片，古桃树群面积最大最多都在玉许乡，没有好好介绍宣传，大多游客都是在沟口游玩就离开了，确未真正触及桃花沟的精髓玉许乡，太遗憾了、",5,2024-03-15
124,14,"西藏的春天是从林芝开始的，虽然春寒未尽，但位于藏东南的林芝，却已是桃花烂漫。粉色的桃花遍染山野，近处清澈的溪流缓缓流淌，远处巍峨的雪峰高耸入云。烟月不知人事改，多少辈藏民，在这世外桃源里，过着世人向往的简单生活。",5,2020-04-08
125,14,"波密的桃花比八一的桃花开的早一些，由于走错了路我们到桃花沟的时候天已经黑了，透过车灯的灯光看到的桃花只有一点点，路边围墙上怎么还有铁丝网，心里咯噔一下，来早了桃花没怎么开！还是走错了地方！赶紧找地方住下。第二天起了一个大早，沿着昨日的路行驶了有30多里全是桃花，白的、粉的，美极了，那个带铁丝网的围墙里面据说是最美监狱。",5,2018-10-28
126,14,"一早7点驱车来到波密桃花沟，就我们几个人，一路沿着桃花沟43公里行走。沟里有三个村庄：如纳村、冻油村、倾多村。在如纳村河边的绿油油青稞地看到有2个帐篷，那是摄影发烧友昨晚在这里过夜美了拍摄更好的风景。这里是波密桃花开的最盛的地方。沟内到处都是桃花树，花团锦簇的桃花与洁白的雪山、绿油油的青稞苗编织成了锦绣大地。",5,2018-05-04
127,14,"林芝的桃花全国闻名，每到春天的时候，都吸引大批量游客前来拍照打卡。观看桃花美景，感受春天的气息。桃花树下的牛羊成群漫山遍野的走过来，感受返璞归真的原生态。\n今年的桃花节又是什么时候开始呢？\n不同地区的开花期也有不同的时间：\n1.巴宜区：嘎拉桃花村\n最佳赏花时间：3月15日 - 4月10日\n2.波密县：波密桃花沟\n波密最佳赏花时间：3月10日 - 4月5日\n3.米林县：雅鲁藏布江大峡谷入口\n米林县最佳赏花时间：3月20日 - 4月5日\n4.察隅县：古玉乡\n察隅最佳赏花时间：3月10日 - 4月5日 \n5.朗县：卓村、巴热村\n朗县最佳赏花时间：3月20日 - 4月15日\n6.工布江达县：拉如村\n工布江达县最佳赏花时间：3月20日 - 4月15日",5,2022-04-03
128,14,"波密桃花沟位于雅鲁藏布江东岸，漫山遍野的各种野桃树。比起林芝的其他地区，是开的最美丽最广阔的。远处山峦交错，山脚下桃花争相绽放，近处的村落、麦田周围也都点缀着粉嫩的桃花树，野桃花每年三月都盛开，漫山遍野桃花绽放，千姿百态，仿佛陶渊明诗中的桃花源。",5,2020-04-14
129,14,"【景色】波密桃花沟，30里桃花盛开，肆意而狂野！\n由林芝沿着318国道向着波密桃花沟前行，大约得小大半天时间。我们的车一行至桃花沟境内，便见道路两边都是盛开的桃花，寻了一处桃花路边停下，和嘎啦桃花村相比，旅途遥远的波密游客少了许多，三三两两的车子停在高大的桃花树下，一小拨一小拨的人群徜徉在长长的花夹道中，真真一个桃之夭夭、灼灼其华，令人陶醉啊！\n走进路边的小道，但见桃花、雪山、蓝天、白云交相辉映，哪里会有此等仙境？醉美莫过于此！还是直接上图。\n【性价比】不需要门票，赞！",5,2020-02-12
130,15,"家人们值得去，景色宜人，风景优美，\n【景色】冰山美人\n跨越高山峻岭，看尽世界的壮丽美景。这里不是冰岛，也不是北极，是位于西藏的来古冰川，美到窒息的神仙地。来古冰川是世界三大冰川之一!也是西藏已知的蕞宽蕞长的冰川群。如果去不了冰岛，就来这里吧，感受文字无法描述的美，被纯净的蓝色治愈。\n\n不可错过的景点:巴松措、雅鲁藏布江大峡谷、南迦巴瓦峰、鲁朗林海、色季拉山、古乡湖、岗云杉林、然乌湖、来古冰川。\n来古冰川出片穿搭\n衣服:纯色系列(白色、浅蓝色、浅粉色、淡黄色)深色系列:(咖啡色)氛围感配饰:(围巾以纯色为主、帽子白色为主、手套单彩色、耳罩)\n推荐行程:\n拉萨出发行程:\n拉萨-拉林高速-巴松措-林芝\n林芝--色季拉山--鲁朗小镇--岗云杉林--古乡湖--波密",5,2024-11-04
131,15,"西藏林芝 雅鲁藏布江。常说最美的风景在路上，当行驶在雅鲁藏布江沿岸，阳光从云层中斜射下来，照在山峦群山更显逶迤、洒在江面江水更加晶莹，并随着光影的变幻让每一帧画面都显得如此的美轮美奂。  ​​​",5,2021-05-07
132,15,"雅鲁藏布江意为从最高顶峰上流下来的水，它围绕南迦巴瓦峰的一处马蹄形大峡谷即世界第一大峡谷 - 雅鲁藏布大峡谷。海拔7782米的南迦巴瓦峰山顶冰川高耸、形状俏丽，山间常有云雾缭绕，而山下则是植被茂密的西藏江南，景色优美，被誉为中国最美雪山。当地藏民告诉我，南迦巴瓦全部显现的日期每年平均仅有2个月，今天虽微露真颜，但我已沉醉其中。",5,2020-03-17
133,15,"天上一条银河，地上一条天河。雅鲁藏布江被藏族朋友视为“摇篮”和“母亲河”。在藏语中，“雅鲁”指的是从天上来，“藏布”的意思是江。雅鲁藏布江从青藏高原奔腾而下，所经之地哺育了无数的生命，更是冲刷出了全世界最深最长的雅鲁藏布大峡谷。但是谁能想到，储水量丰富到仅次于长江的雅鲁藏布，其上游源头竟然是一片沙漠，土地沙化已经到了极其严重的地步。远处绵延的雪山清晰可见，雪山下清澈的河水静静流淌，脚下却是漫漫黄沙。在代表着生命的河水边，却是毫无生命气息沙漠，剧烈的反差带给人极强的视觉冲击力，单就风景来说，这里的确是难得一见的绝美。",5,2020-10-14
134,15,"林芝是雅致恬静的，而它的风韵又在雅鲁藏布流域体现得更加淋漓尽致。亲览雅鲁藏布江大拐弯，到目前为止，这条线路虽然很清晰，因为地理与历史的原因，让它在环抱的群山中保持着一种原始状态，关于它的一切更像是传说，是神话。",5,2019-11-17
135,15,"又见到了雅鲁藏布江！这次是在林芝米林县的一段，回想起之前在山南观雅鲁藏布江的时候那阵风阴冷的天气，与现在风和日丽阳光明媚已是完全不一样的格调了。林芝段的江景亲和秀丽，少了一份原始粗犷，更显景区风范。",5,2019-11-02
136,15,"雨雾漫漫，雅鲁藏布江江面异常宽阔，两面高山层叠，云雾缭绕，满眼都是泼墨画。车过鲁朗，藏式新房遍地，越走越冷，重新穿上厚厚的冲锋衣，到色季拉山口，海拔重新飙升至4720，拍照时已经冻的瑟瑟发抖了！",5,2019-10-15
137,15,"这是我人生中第一次来西藏，也是第一次来到林芝，雅鲁藏布江是靠近印度，上游也是从印度河流下来 我很喜欢林芝的桃花节，有机会一定要来一次的，看看南迦巴瓦锋",5,2022-02-21
138,15,"雅鲁藏布江发源于喜马拉雅山冰川，是西藏第一大河。它像一条银色蛟龙，奔流于西藏高原南部著名的“藏南谷地”，其水能蕴藏量仅次于长江，在中国居第二位，沿着雅鲁藏布江和青藏公路前往圣湖",5,2020-06-21
139,15,"最佳观赏时间：9月下旬-11月中上旬，观赏地点：西藏东南部、雅鲁藏布江中下游\n林芝秋天从秋收开始，当大片大片的青稞地泛出金黄的色泽，直至染黄整片森林！天高气爽风清云淡，从湖岸到山岭漫山遍野皆层林尽染，丰富的色彩、静逸的环境！",5,2019-10-22
140,16,"这是巴松措景区内住宿餐饮集中之地。\n湖边主要是松赞、喜马拉雅区域，也可以导航到“遗忘码头”。\n村里多地都在改建民宿等商业设施，估计一年后接待能力可大幅提升。",5,2024-11-13
141,16,"村口的观景台，特别适合清晨的时候观赏全村美景，青烟袅袅，三两藏民，远处碧绿的湖水，令人心旷神怡。白天适合去结巴村码头逛逛，湖光十色，岂不美哉。傍晚时分，携爱人或三两好友，围着村子胡乱逛逛，闻着身边弥漫着的酥油茶芬芳，惬意地享受这与世隔绝的清净和优美",5,2019-07-04
142,16,"位于巴松错景区内部，是环保大巴到达的最里面的一个景点，一处典型的藏式村落，位于雪山之下、美湖之畔，风景如画，这里餐饮、住宿条件都不错，很多游客会在此过夜。",5,2018-04-07
143,16,"很有意思的地方，巴松措的最里面了，遗忘码头有星空泡泡屋可以选择入住，大约五百左右吧。\n巴松措的水相当漂亮，春来江水绿如蓝的感觉就是眼前的景观。结巴村住宿很多，基本都是家庭客栈，条件一般。",5,2021-03-07
144,16,"结巴就是藏语遗忘的意思，这里面还有一个美丽的故事传说，大家可以自行百度一下。这是一个藏族村庄，沿着栈道上山，有一个观景台，可以俯瞰村庄以及巴松措，在雪山湖水的映衬下，结巴村显得格外宁静。今天正好赶上自行车赛，也是一种额外的体验吧！。",5,2021-05-01
145,16,"巴松措湖边有一个藏式风情小村，叫结巴村，是游巴松必去的景点，景区大巴直接可到达。碧绿的湖，高山环绕，树林间，一座藏式民居，登高望去，恬静，就象一个世外桃源。",5,2019-07-28
146,16,"结巴村在巴松措湖边的最里面，景区观光车的终点站，交通方便，村子离湖边徒步需要10分钟左右，湖边有泡泡星空屋可以选择，大多数人是选择住在村子里，早上可以去湖边看晨雾，景色不错。",5,2021-01-16
147,16,"结巴村，绝不是一个你乍一听就住满“结巴”的村落！这是一个被时间遗忘的神秘而漂亮的文化之乡。结巴村位于西藏林芝工布江达县错高乡，巴松措湖深处的高山峡谷里。村子主要为工布藏族人。生活在工布江达县境内的藏民被其他藏区人民称为“工布人”。",5,2020-04-19
148,16,"3.28在318国道边饭店聚集的地方吃了个中饭，菜不错，就离开318去往巴松措了，在西藏真的是路上就是风景，我是舍不得睡觉的，一路看着风景，到达林芝地区唯一的5A景区，巴松措其实是个大景区，要坐里面的大巴进去的，首先到达的是#结巴村#，这个名字真的好有意思啊，不过应该是藏语翻译过来的，门口写着是福建援建，典型的藏族村落~",5,2021-05-05
149,16,"巴松措湖右边是山体，路上水洼泥浆崎岖坎坷，约10公里到结巴村，由于有游艇码头，家庭旅馆和民宿很多，房子结构分两种，石头房和木头房，很多生活用品现在看起来都是古董，每家都有好几把藏刀挂在墙上，以实用为主。",5,2021-04-06
150,17,"整个小镇如诗如画，\n远处雪山耸立人，近处森林郁郁葱葱拳林间还有整齐的麦田，周边溪流蜿蜒还有随处可见的野花竞相开放\n这里就是川藏线上的一颗璀璨的明珠\n门票信息\n. 林海观景台：35元／人\n．鲁朗牧场：80元／人，每天开放时间：\n7:00-18:00\n．鲁朗花海：75元／人\n地址\n西藏林芝地区林芝县鲁朗镇境内，距八一镇80公里左右的川藏公路南路（318国道）",5,2025-02-24
151,17,"20220607下午：\n1、景区无公交，需开车沿318国道驶达，距色季拉山口26公里。\n2、从色季拉山口开不到6公里先到鲁朗景区的第一观景平台，算是鲁朗景区的前哨站。进大门后穿过商业摊位（卖家不是当地人，商品很多是义乌货，有高原反应的话可以买氧气瓶，1L的15元一瓶）后步行几分钟就到平台，面前是一望无际的林海，由于阴天只能看到近处没啥太惊艳的树林，观景长廊两侧有野花和挂着哈达色松树，远处一片阴霾没有传说中的蓝天白云山脉，晴天的美景是啥样只能去网上搜了，半小时便结束。此时南迦巴瓦峰（世界第28高峰，俗称“十次九不遇”的神山：一年90%的时间都被云雾缭绕，只有30多天会云开雾散一睹真容）的云雾散开一些，让我窥见其一角。\n3、因为是跟团游，20公里外的鲁朗主风景区（鲁朗镇、鲁朗牧场等）没安排去，只能等待以后二刷了。",5,2022-06-12
152,17,"旅游去到西藏，这一站来到了林芝地区，在林芝市巴宜区的鲁朗镇，有很出名的鲁朗风景区，它距离八一镇以东70公里。在鲁朗，主要的景观有鲁朗花海、鲁朗牧场、色季拉国家级森林公园、杜鹃花海、田园风光和民俗风情的扎西岗村。鲁朗的海拔是3700米，位于深山老林之中，两侧青山由低往高，分别由灌木丛和茂密的云杉和松树组成了“鲁朗林海”。这里四季的景色都不一样，5-6月以杜鹃花为主，7-8月是夏天，10月后期以雪景为主。",5,2020-09-16
153,17,"鲁朗是位于林芝市巴宜区鲁朗镇的自然景区，距八一镇以东70公里。鲁朗意为“龙王谷”、“神仙居住的地方”，素有“天然氧吧”、“生物基因库”之美誉。",5,2023-05-23
154,17,"鲁朗风景区景色宜人，满眼绿色，登高望远，视野开阔，没有高反，趣味性强，令人心旷神怡，流连忘返，适合拍照的好地方，不错的选择。",5,2021-03-31
155,17,"鲁朗是位于林芝市巴宜区鲁朗镇的自然景区，鲁朗意为“龙王谷”、“神仙居住的地方”，素有“天然氧吧”、“生物基因库”之美誉。鲁朗林海由灌木丛和茂密的云杉、松树组成，是鲁朗最美的景致。林海绿得丰富，正所谓“幼林葱翠母林幽”，尤其是高耸入云的南迦巴瓦峰的皑皑白雪与林海相互映照，越发显得西藏高原的雄奇壮丽。色季拉国家级森林公园是鲁朗景区的必经之山，为念青唐古拉山的一个分支，也是鲁朗景区的重要组成部分。",5,2023-03-05
156,18,"时间：2024.11.13\n上午10点钟从结巴村驾车27公里砂石路、搓衣板路历时1小时到达新措游客服务中心。\n缴纳10元卫生费后开始徒步。\n徒步约3公里用时1个半小时（拍照、干粮、减衣、喂狗）到达湖边。",5,2024-11-13
157,18,"很美。冬天河流结冰了，到处是晶莹剔透。远处的牦牛悠闲啃草。被大山包围的湖泊草场仿佛是个世外桃源，走到深处是原始森林，苍天大树遮天蔽日，等走出森林就是豁然开朗的新措，映衬着雪山的倒影，美不胜收，自然纯净的景观绝对洗净铅华，让人心旷神怡。",5,2024-12-19
158,18,"去过西藏巴松错，本想去新措，由于装备不齐，体力不支，半途而废。新措即新发现的湖泊，藏语的新是木头之意，就是倒立水中木头的湖泊。它位于西藏林芝市工布江达县巴河镇，在把松措附近30km处，需徒步2小时才能到达。",5,2024-10-24
159,18,"新措，知道的人不多，但是抵达过得人都是挚爱！\n不像别的景区那么容易抵达，从巴松措到新措30公里烂路，开车1.5个半小时，沿途原始村庄，淳朴的藏民，小野花，路边散养的牦牛和马，静静的构成一副世外桃源的景象！",5,2019-06-25
160,18,"新措真是太美了.看见新措的一刹那觉得这一路的颠簸都值了.巴松措的门票真应该至少分一半给新措修路。",5,2024-07-03
161,18,"如果你已经到了巴松措，并且还有时间，一定要在结巴村住一晚，花一天时间租车去看看新措。首先新措的风景很美，特别原始，游客很少，其次旅游体验很丰富，租车到景区后，可以选择徒步或骑摩托或骑马，非常不错。",5,2021-01-16
162,18,"雪山+草地+河流+森林+牦牛=画。这是我此行最大的感触，3700多海拔一会下雪一会出太阳，领略了青藏高原的天气。只是进去的路好难走，都是土路一路的颠簸，据说正在修了。景区里徒步的线路上虽然都是稀泥，但是这样很有原生态徒步的感觉。",5,2018-05-04
163,18,"从拉萨驱车，顺拉萨河而行，翻越米拉山口后，沿尼洋河前行，直到到达工布江达县的巴河镇，再驱车一小时至结巴村，在海拔3700的高度，穿过3公里的森林抵达新措。一路上河流湖泊冰川森林草甸，还有小瀑布以及不知名的小花🌸 和蘑菇，偶尔可见牦牛",5,2020-09-16
164,18,"新措-翻译成汉语又叫“木头湖”，位于林芝境内，隶属于巴松措的还为完全开发的景区。\n下午，我们头上淋着雨，脚踩着泥坑，在海拔3700米接近0度的气温下，穿越原始森林，往返徒步6公里，就是为了一睹它的风采！\n虽然天公不作美，不得不说沿途的风景还是很美的，如果天公作美的话，相信给大家呈现的是人间仙境的美景。\n嗯，我想说这是一场心灵和身体的磨练之旅！",5,2019-10-23
165,18,"新措真的好美啊，在巴松措景区里，从巴松措到新措开车要1小时，都是土路，但是到了新措真的很值得，美得像仙境，我没有徒步，骑马往返，200块，体验感很特别。",5,2023-09-13
166,19,"2020年3月25号 \n地点:波密桃花沟\n波密桃花沟的桃花全部已开\n一个游客都没有，虽然风景很美，但是没有人欣赏 。随处可见的美景 ，中国最美的春天绝对在波密，这蓝天，这白云，这桃花，这雪山，这绿油油的青稞地，词穷不会形容 ，决定在桃花盛开时期什么都不干，就赏花，绝对不要错过这个春天，谁知道接下来会发生什么事，活在当下。今年的波密美景恐怕只有波密人才能看的到了，期待以后国泰民安。",5,2020-03-26
167,19,"必须去的美景!      4月3日上午，从波密县城出发，开往桃花沟。\n      一入沟口，桃花簇簇，游人络绎。桃花，风景渐佳。到如纳村前，是桃花大道，有两处风景甚美，游人驻车赏花，拍照。\n      一处是高大的桃花树筑成桃花拱形覆盖公路，前后左右均有雪峰加持。\n        一处公路两边有绿色青稞田，褚红色的石墙，点缀桃红色，粉红色的桃花，背景则是高耸的雪峰。进入农户的青稞田拍照需要付费每人5元。\n        过了如纳村，到最美的波密监狱，街边有几家餐馆，超市。正好吃午饭，补充水，食物。\n         注意几处\""最佳摄影点\""的木牌，景色优美，盛开的桃花配以矗立的雪峰，绿色青稞田，真是最美。\n        盘山公路上的一处最佳摄影点，居高俯瞰层叠的桃花和雪峰。另一处最佳摄影点堪称最美的桃花~~一小块绿色青稞田被粉色桃花围绕，层叠渐上，雪山成为最佳背景。\n        最后，抵达许木乡，桃花沟的尽头，景色尚可。\n注意: 沟口到尽头的距离约70公里。午饭可以在如纳村后的倾多波密监狱对面的小餐馆。沟内没有卫生间，超市也少，带足饮水。",5,2018-04-03
168,19,"前几天写了色季拉山口的雪，就有旁友关心到了西藏江南的花。那就来看看桃花沟的花吧。\n林芝地区号称西藏江南。一年一度的桃花节是林芝旅游闻名全国甚至全球的名片。而高原的桃花又不同于江南，树高花繁开的狂野，更具有高原粗犷的个性。\n三月，林芝境内的桃花遍布各处，尤以桃花沟最为壮观。虽寒意未尽，却已是花的海洋，远方的雪峰还有皑皑的白雪，粉嫩的桃花已如醉霞争相斗艳。\n而今，随着旅游设施的不断完善，去往桃花沟，交通等各方面也是非常方便。这个三月，不妨去高原赏一场桃花的视觉盛宴吧。",5,2019-04-03
169,19,"基本上都在展示宣传波密桃花沟沟口，真正桃花持续时间最长，拍照最出片，古桃树群面积最大最多都在玉许乡，没有好好介绍宣传，大多游客都是在沟口游玩就离开了，确未真正触及桃花沟的精髓玉许乡，太遗憾了、",5,2024-03-15
170,19,"西藏的春天是从林芝开始的，虽然春寒未尽，但位于藏东南的林芝，却已是桃花烂漫。粉色的桃花遍染山野，近处清澈的溪流缓缓流淌，远处巍峨的雪峰高耸入云。烟月不知人事改，多少辈藏民，在这世外桃源里，过着世人向往的简单生活。",5,2020-04-08
171,19,"波密的桃花比八一的桃花开的早一些，由于走错了路我们到桃花沟的时候天已经黑了，透过车灯的灯光看到的桃花只有一点点，路边围墙上怎么还有铁丝网，心里咯噔一下，来早了桃花没怎么开！还是走错了地方！赶紧找地方住下。第二天起了一个大早，沿着昨日的路行驶了有30多里全是桃花，白的、粉的，美极了，那个带铁丝网的围墙里面据说是最美监狱。",5,2018-10-28
172,19,"一早7点驱车来到波密桃花沟，就我们几个人，一路沿着桃花沟43公里行走。沟里有三个村庄：如纳村、冻油村、倾多村。在如纳村河边的绿油油青稞地看到有2个帐篷，那是摄影发烧友昨晚在这里过夜美了拍摄更好的风景。这里是波密桃花开的最盛的地方。沟内到处都是桃花树，花团锦簇的桃花与洁白的雪山、绿油油的青稞苗编织成了锦绣大地。",5,2018-05-04
173,19,"林芝的桃花全国闻名，每到春天的时候，都吸引大批量游客前来拍照打卡。观看桃花美景，感受春天的气息。桃花树下的牛羊成群漫山遍野的走过来，感受返璞归真的原生态。\n今年的桃花节又是什么时候开始呢？\n不同地区的开花期也有不同的时间：\n1.巴宜区：嘎拉桃花村\n最佳赏花时间：3月15日 - 4月10日\n2.波密县：波密桃花沟\n波密最佳赏花时间：3月10日 - 4月5日\n3.米林县：雅鲁藏布江大峡谷入口\n米林县最佳赏花时间：3月20日 - 4月5日\n4.察隅县：古玉乡\n察隅最佳赏花时间：3月10日 - 4月5日 \n5.朗县：卓村、巴热村\n朗县最佳赏花时间：3月20日 - 4月15日\n6.工布江达县：拉如村\n工布江达县最佳赏花时间：3月20日 - 4月15日",5,2022-04-03
174,19,"波密桃花沟位于雅鲁藏布江东岸，漫山遍野的各种野桃树。比起林芝的其他地区，是开的最美丽最广阔的。远处山峦交错，山脚下桃花争相绽放，近处的村落、麦田周围也都点缀着粉嫩的桃花树，野桃花每年三月都盛开，漫山遍野桃花绽放，千姿百态，仿佛陶渊明诗中的桃花源。",5,2020-04-14
175,19,"【景色】波密桃花沟，30里桃花盛开，肆意而狂野！\n由林芝沿着318国道向着波密桃花沟前行，大约得小大半天时间。我们的车一行至桃花沟境内，便见道路两边都是盛开的桃花，寻了一处桃花路边停下，和嘎啦桃花村相比，旅途遥远的波密游客少了许多，三三两两的车子停在高大的桃花树下，一小拨一小拨的人群徜徉在长长的花夹道中，真真一个桃之夭夭、灼灼其华，令人陶醉啊！\n走进路边的小道，但见桃花、雪山、蓝天、白云交相辉映，哪里会有此等仙境？醉美莫过于此！还是直接上图。\n【性价比】不需要门票，赞！",5,2020-02-12
176,20,"西藏林芝 色季拉山口。色季拉山位于林芝地区林芝县以东，属念青唐古拉山脉，为川藏公路所跨越。登临海拔4728米处的色季拉山口，远处7782米高的南迦巴瓦峰雄姿若隐若现，甚是壮观。不过这次登临也令人难忘，由于道路积雪，75公里的路程居然用了8个小时，让我们尽情的欣赏到了这条雪域高原天路的无限风光。",5,2021-05-07
177,20,"色季拉山属念青唐古拉山脉，是西藏林芝县东部与中西部的分界带，可观日出、云海、无际的林海和远眺南迦巴瓦峰峻美的雄姿。色季拉山西坡的达则村旁的本日拉山，是西藏苯教的圣地，为西藏四大神山之一",5,2018-05-15
178,20,"20220607下午：\n1、景区无公交，需开车沿318国道驶达。色季拉山林动植物资源丰富，国家一级保护动物就有25种，不过都藏在深山里，318国道旁肯定看不到。\n2、“尼洋风光”石碑是第一个拍照点，从高山向下可俯瞰到由尼洋河、黄绿田野、远处蓝天白云所构成的美丽画卷，石碑旁有卖吃喝的可以补给。\n3、再往前是海拔4782米的“色季拉山口”，是森林公园的主要景观台，自驾游都会在这里停车观景，远眺海拔7782米的南迦巴瓦峰（世界第28高峰，俗称“十次九不遇”的神山：一年90%的时间都被云雾缭绕，只有30多天会云开雾散一睹真容）。\n4、景观台面积不大，中心是一座牛头大钟，游客轮流敲钟拍照，也有旅游主播在直播。钟旁边有几个插着五彩经幡的石堆也是拍照点，有的石堆在小山头上，我刚到西藏向上爬不由得放慢脚步大口喘气，老年游客高原反应强烈的就不建议爬了。\n5、科普了下，再往前的鲁朗镇和鲁朗林海也在色季拉国家森林公园的范围内，但另作为一个景区做商业开发了。",5,2022-06-12
179,20,"色季拉山属念青唐古拉山脉，是西藏林芝县东部与中西部的分界带，是尼洋河流域与帕隆藏布江的分水岭，为川藏公路南线所跨越。登临海拔4728米处的山口，可观日出、云海、无际的林海和远眺南迦巴瓦峰峻美的雄姿。这里有很多植被，包括美丽的花朵，很多都是多年生开一次花的品种，千万不能随意采摘毁坏",5,2021-11-09
180,20,"色季拉山位于西藏林芝县以东，是川藏线上有名的地标，山口海拔4720米，视野开阔，可以眺望鲁朗林海和背后的南迦巴瓦峰，山口五彩经幡迎风飘扬，景色绚丽。",5,2023-01-11
181,20,"色季拉山口在去鲁朗的路上，不算个景点，海拔4770多米，会有些气短的感觉，但是确是看南迦巴瓦最好的点，因为在大峡谷海拔低，美丽的南迦巴瓦峰可能会被云层遮住，这里海拔高，更加容易看到些，我们一行三人，开着从八一镇自助租车的麟智用车去鲁朗，天空云很少，竟然好运的看到了。最开始还担心麟智用车的纯电动车爬山不行，试了以后才发现动力强劲，轻松开上山顶，望见南迦巴瓦峰，兴奋极了",5,2019-04-13
182,20,"在太阳落山前赶到了色季拉山观景台 海拔有4720了 下了车感觉脚下有点儿飘\n\n比看到日落更更幸运的是 我们看到了南迦巴瓦峰的主峰 山峰在云层之上 看起来就像海市蜃楼一样 一瞬间激动的心情无以言表\n\n南迦巴瓦峰是此行中我最最期待的景色之一 它是中国最美山峰之一 整座山如同平躺的少女一般 因为一年有200多天都藏在云中 所以也叫羞女峰 我们特别幸运能够见到 而在拍照5分钟后 山峰又完全被云遮住看不到了\n\n就这匆匆一面 我跟我爸得瑟了半个月 太美了！太幸运了！！！感觉后来见到的其他山峰都黯然失色",5,2019-08-25
183,20,"作为一个地道南方妹子，第一次看到白茫茫一片，虽然去到的时候不下雪，但是地上白茫茫一片，自己高兴得像个两百斤的胖子，随时海拔高，但是也疯狂在玩积雪，拍照，高兴️不得了。",5,2018-03-29
184,20,"3.29一早从林芝酒店出发走318就开始上#色季拉山#，到了4000已经胸口感觉发闷，所以车到垭口，下来也不敢走快，有点头疼，所以基本没怎么参观，天气不好，对面的南迦巴瓦也看不到，就在广场的边上站了一会，第二天从波密回林芝又走过垭口，这天已是傍晚，不过精神比较好一点高反也没有，可惜要赶路没有再停了，有点遗憾",5,2021-05-08
185,20,"色季拉山是林芝东面的一座大山，山的垭口海拔4728米，这里几乎是寸草不生的地方，风很大，但从这里可以远望南迦巴瓦峰雪山，天气好的话，非常漂亮。海拔稍低点的地，有很多成片成片的野生杜鹃，我们去的时候花已开过了，但能想像那种漫山遍野杜鹃花开放的景象。",5,2019-07-25
186,21,"家人们值得去，景色宜人，风景优美，\n【景色】冰山美人\n跨越高山峻岭，看尽世界的壮丽美景。这里不是冰岛，也不是北极，是位于西藏的来古冰川，美到窒息的神仙地。来古冰川是世界三大冰川之一!也是西藏已知的蕞宽蕞长的冰川群。如果去不了冰岛，就来这里吧，感受文字无法描述的美，被纯净的蓝色治愈。\n\n不可错过的景点:巴松措、雅鲁藏布江大峡谷、南迦巴瓦峰、鲁朗林海、色季拉山、古乡湖、岗云杉林、然乌湖、来古冰川。\n来古冰川出片穿搭\n衣服:纯色系列(白色、浅蓝色、浅粉色、淡黄色)深色系列:(咖啡色)氛围感配饰:(围巾以纯色为主、帽子白色为主、手套单彩色、耳罩)\n推荐行程:\n拉萨出发行程:\n拉萨-拉林高速-巴松措-林芝\n林芝--色季拉山--鲁朗小镇--岗云杉林--古乡湖--波密",5,2024-11-04
187,21,"西藏林芝 雅鲁藏布江。常说最美的风景在路上，当行驶在雅鲁藏布江沿岸，阳光从云层中斜射下来，照在山峦群山更显逶迤、洒在江面江水更加晶莹，并随着光影的变幻让每一帧画面都显得如此的美轮美奂。  ​​​",5,2021-05-07
188,21,"雅鲁藏布江意为从最高顶峰上流下来的水，它围绕南迦巴瓦峰的一处马蹄形大峡谷即世界第一大峡谷 - 雅鲁藏布大峡谷。海拔7782米的南迦巴瓦峰山顶冰川高耸、形状俏丽，山间常有云雾缭绕，而山下则是植被茂密的西藏江南，景色优美，被誉为中国最美雪山。当地藏民告诉我，南迦巴瓦全部显现的日期每年平均仅有2个月，今天虽微露真颜，但我已沉醉其中。",5,2020-03-17
189,21,"天上一条银河，地上一条天河。雅鲁藏布江被藏族朋友视为“摇篮”和“母亲河”。在藏语中，“雅鲁”指的是从天上来，“藏布”的意思是江。雅鲁藏布江从青藏高原奔腾而下，所经之地哺育了无数的生命，更是冲刷出了全世界最深最长的雅鲁藏布大峡谷。但是谁能想到，储水量丰富到仅次于长江的雅鲁藏布，其上游源头竟然是一片沙漠，土地沙化已经到了极其严重的地步。远处绵延的雪山清晰可见，雪山下清澈的河水静静流淌，脚下却是漫漫黄沙。在代表着生命的河水边，却是毫无生命气息沙漠，剧烈的反差带给人极强的视觉冲击力，单就风景来说，这里的确是难得一见的绝美。",5,2020-10-14
190,21,"林芝是雅致恬静的，而它的风韵又在雅鲁藏布流域体现得更加淋漓尽致。亲览雅鲁藏布江大拐弯，到目前为止，这条线路虽然很清晰，因为地理与历史的原因，让它在环抱的群山中保持着一种原始状态，关于它的一切更像是传说，是神话。",5,2019-11-17
191,21,"又见到了雅鲁藏布江！这次是在林芝米林县的一段，回想起之前在山南观雅鲁藏布江的时候那阵风阴冷的天气，与现在风和日丽阳光明媚已是完全不一样的格调了。林芝段的江景亲和秀丽，少了一份原始粗犷，更显景区风范。",5,2019-11-02
192,21,"雨雾漫漫，雅鲁藏布江江面异常宽阔，两面高山层叠，云雾缭绕，满眼都是泼墨画。车过鲁朗，藏式新房遍地，越走越冷，重新穿上厚厚的冲锋衣，到色季拉山口，海拔重新飙升至4720，拍照时已经冻的瑟瑟发抖了！",5,2019-10-15
193,21,"这是我人生中第一次来西藏，也是第一次来到林芝，雅鲁藏布江是靠近印度，上游也是从印度河流下来 我很喜欢林芝的桃花节，有机会一定要来一次的，看看南迦巴瓦锋",5,2022-02-21
194,21,"雅鲁藏布江发源于喜马拉雅山冰川，是西藏第一大河。它像一条银色蛟龙，奔流于西藏高原南部著名的“藏南谷地”，其水能蕴藏量仅次于长江，在中国居第二位，沿着雅鲁藏布江和青藏公路前往圣湖",5,2020-06-21
195,21,"最佳观赏时间：9月下旬-11月中上旬，观赏地点：西藏东南部、雅鲁藏布江中下游\n林芝秋天从秋收开始，当大片大片的青稞地泛出金黄的色泽，直至染黄整片森林！天高气爽风清云淡，从湖岸到山岭漫山遍野皆层林尽染，丰富的色彩、静逸的环境！",5,2019-10-22
196,22,"川藏线上的美景（四）水墨画一样的林芝山水。\n         没去西藏时，总是想像那是高寒的高原，雪山、草地和牛羊，甚至荒凉的大山。到了林芝，才明白，西藏是个神奇的地方，还藏着林芝这样一个美丽富饶的地方。这里气候多样，地势变化大，印度洋暖湿水气的较强烈影响区，气候温暖湿润，大片大片的原始森林，风光奇秀。\n         从波密到林芝八一镇，任何一处都是美丽风景，有时甚至会产生审美疲劳，这组照片，手机拍于318国道鲁朗段。",5,2019-07-26
197,22,"在西藏林芝鲁朗国际旅游小镇有一家鲁朗珠江国际酒店，酒店毗邻318国道，地理位置优越，酒店内部采用藏式宫殿式设计风格，藏族传统建筑室内艺术装饰，住进酒店感受体验雪域高原的神秘与圣洁。",5,2023-01-09
198,22,"这里交通很不便利，去小镇上要走半个小时的路，快递也不送进来。去市区里要开一个半小时的318国道，翻过一座四千六百米色季拉山。什么都很慢，就像那句歌词“从前的日子都很慢，车马邮件都慢”。导致我想花钱都没地方花。但附近会有一条商业街里面有大型生活超市，也是刚开不久的。这是让我可以维持基本生活的唯一来源。今天又去逛了超市，结账的时候老板问我是不是在这里住，我说对呀，刚来不久，老板一副我就知道的表情说：“怪不得以前没见过你呢”。我笑笑不说话，买了一排AD钙当做上早班的时候能源补充，还买了三包泡面，一包麻辣牛肉的，一包泡椒的，和一包老坛酸菜的。但是买完之后发现自己只有一个碗放在了食堂。不得不说，食堂的伙食真是难吃… 于是我就开启了饿了就啃干脆面的日子。来这里六天瘦了四斤，真是神奇。室友告诉我每星期四饭堂会有煮面吃，我听到马不停蹄的赶往饭堂吃了一碗萝卜牛腩哨子的挂面。但当我赶到的时候萝卜牛腩只剩下萝卜了… 算啦，没关系，加点酱油加点香葱一样呼噜噜的干完了一大碗挂面。毕竟在这里这样一碗面是要卖到25的。现在躺在床上望着窗外的大太阳和不知名的山峰，打开音响放着椅子乐团的歌，甚是惬意。",5,2021-08-02
199,22,"沿盘山公路一直往上，路边慢慢出现了积雪，不知海拔又到多少了。开着车欣赏着这高原上独有的景观，很是惬意！渐渐地积雪又消失，眼前出现了一大片草原，牦牛与马儿悠闲地吃着草，两位放牧人坐在路边聊天，几个拿着相机的人正在近距离拍摄牦牛，我们猜测应该是到了离鲁朗镇最近的牧场了！沿着仅有的这条公路继续走，不一会儿就看到了路旁的两座白塔，上面写着“鲁朗小镇”。此时天空渐暗下来，路边的各色建筑虽然越来越多，却不见一个人影，似乎快下雨了！我们赶紧先去了镇上的酒店，但办好入住手续后天空竟然又放晴了，于是我们又出来走，高原的天气真是变换莫测！小镇干净整洁，建筑多以白色为基调，呼应着远处的连绵雪山！一条湍急的河流横穿小镇，河水清澈浸凉，四周青山环绕。夜幕时分，丝丝雾气飘浮于小镇周围，仿佛身处世外桃源，真是惊艳于她的美！",5,2019-05-20
200,22,"鲁朗小镇，在318国道边上，如果自驾进藏的话可以去看看的，是一个商业地产，建筑修的很漂亮，没有电线杆之类的，适合拍照。景区挺大的，海拔3700多米，走起来费劲，很有藏式和中式结合的感觉。住宿挺多，路边的也不贵，可以在这里修整一天。很多床车选择在这里露营，有厕所很方便。",5,2022-07-08
201,22,"东方小瑞士，高原氧吧。西藏行程第一站我就直接从米林机场到鲁朗，刚开始有点头晕，睡了一小觉就适应了。鲁朗还没有完全开发完，不知道是不是因为疫情，很多店铺都没有开，不过已经特别美了，很容易出大片。",5,2020-09-09
202,22,"鲁朗小镇坐落在开阔的峡谷坡地间，四周的群山被茂密的原始森林覆盖，形成一片壮观的林海。这里靠近米堆冰川，也能够能够遥望著名的雪山南迦巴瓦峰。小镇内分为东西南北中五个区域，东区主要为扎塘鲁错湿地公园，其他区域为建筑区，所有楼房均为藏式风格。小镇在设计建设过程中讲究“藏族文化、自然生态、圣洁宁静、现代时尚”的理念。",5,2021-07-28
203,22,"从色季拉下来，到了海拔3500的#鲁朗小镇#，真的感觉人舒服一点了，这个有着东方小瑞士称号的小镇真的很干净，不像传统的藏式小镇，感觉是一种融合，这里是广东援建的，所以有不少五星酒店，可惜没有在这住一晚，林芝真的值得再来细细玩，最后吃了这里有名的石锅鸡，真的味道不错~",5,2021-05-10
204,22,"转过鲁朗林海就来到了鲁朗镇\n\n小镇前两年又进行过一次完善 是一个非常美非常安静的牧场 有点儿像新疆的和木村\n\n晚上吃一锅石锅鸡 鸡肉原汁原味 里面还有枸杞和沙参 最后涮一点儿蔬菜 鲜美的热汤驱赶了一天的疲惫和不适 太舒坦了 晚上入住的恒大酒店也特别赞 完美的第一天",5,2019-08-25
205,22,"鲁朗几年前来过，那时候还是到处都是板房，就是吃个石锅鸡就走了。不过这次来完全不一样，广东花了三十几个亿打造出一个现代藏式小镇，非常漂亮，我们从八一出发，在酒店下面直接微信扫的麟智用车，一路来上来，吃了著名的石锅鸡，漫步小镇街道，有一种闲云野鹤的感觉。下次有机会一定来住几晚",5,2019-04-17
206,23,"不知为何对于藏区的每一个垭口我都充满了敬意，就像这次春节去的林芝必须要经过的米拉山口一样，见到连绵的雪峰，见到飘动的经幡，看见牛头傲立在蓝天白云下，心中不禁肃然起敬，对天地的敬畏，对高山的敬畏。到五千多海拔的地方一定要慢动作，容易高反，我在这里挂上了一副带上来的经幡，我的同伴还在面朝南方的方位叩拜了，可见心中对藏区的敬重。",5,2016-06-14
207,23,"之前去西藏的时候，这里是海拔最高的几处景点之一。山顶常年积雪，白雾茫茫，仿佛伸手就可以够到白云。五彩的经幡堆成了小山，连地接天，向天上的神明表达着藏民的虔诚。米拉山口有一座石碑，上面写着5013米，在这里我已经冻的快要不行了，而且还要对抗着这里的高原反应。",5,2020-07-21
208,23,"米拉山隧道享有世界上海拔最高公路特长隧道之称。平均海拔4750米，是川藏线(国道318线)拉林段高等级公路重点控制性工程，隧道双向分别长5727米和5720米。米拉山隧道建成通车，标志着拉萨至林芝高等级公路实现全线通车。",5,2022-12-31
209,23,"米拉山是雅鲁藏布江谷地东西两侧地貌、植被和气候的重要界山，不但是西北边的拉萨河水系与东南面的尼洋河水系的分水岭，也是林芝地区海洋性气候与拉萨地区内陆性气候的自然分野，米拉山口海拔5013米，站在山口，山风劲吹，蓝天白云下，五彩经幡在大地与苍穹之间飘荡摇曳，连地接天，将藏民们虔诚的愿望传达上苍神灵。",5,2018-04-12
210,23,"我们离开拉萨开始返程。拉萨就是如此让人舍不得说再见，在大昭寺，当我看到那些带着父母带着孩子磕长头的藏民时，当我们行走在路上，看到不辞千辛万苦也要磕长头前进时，那全家出动朝拜的情景一次又一次地感动着我，他们用步履和身体丈量着神山圣湖的周长，用虔诚与敬畏捍卫着信仰的神圣。再见了喜马拉雅！再见了珠穆朗玛！又过米拉山口了，这时的米拉山口银装素裹，张开了迎接四方来客的翅膀，把雪山圣洁的风光，全部展现于我们面前。",5,2021-01-29
211,23,"继续前行，下午大约4点多钟到达墨竹工卡县，途经著名的米拉山口。米拉山口实际海拔为5013.25米，这里是拉萨——林芝旅游线上的一个休憩之地。米拉山口位于拉萨墨竹工卡县与林芝工布江达县界上。在山口处，矗立着一座标有“雪域之舟”的西藏耗牛石雕像。在蓝天白云下，这座雕像是那样显眼，它是米拉山唯一的标志性建筑，它同时也成为米拉山的一个历史见证。米拉山是雅鲁藏布江谷地东西两侧地貌、植被和气候的重要界山。米拉山以西地区气候干燥寒冷，以东地区气候温暖潮湿，植被茂盛。这一特征十分明显。米拉山因其高大雄奇而成为此地藏民心目中的神山，山口上挂着大片壮观的风马旗，地上遍布着抛洒的印有经文的隆达纸。",5,2021-01-12
212,23,"从拉萨去林芝经过的一座山，到了山顶5013米海拔的地方即是非常著名的米拉山口，凡是游客必定是会下来看一看的！山顶上面还是非常的冷的，风也大，不能走的太快，不然要大喘气！不过风景的确是美的不要不要的，远处的雪山和蓝天白云连接在了一起，近处的五彩经幡在大地与苍穹之间飘荡摇曳，感觉是到了另外一个星球。然后5013米有个标示牌，那里的人暴多，本来想留个影的，插也插不进去，最后只好放弃了！",5,2019-07-08
213,23,"4月初的景色，优美加缺氧，海拔5000多米。隧道内结冰，车队堵住了，刚好拍几张蓝天下的雪山，好美，这时还下着小雪呢！拜托中铁12局赶紧抢通隧道☀",5,2018-04-01
214,23,"米拉山口位于拉萨到林芝的公路中段，目前米拉山遂道尚未贯通，其它路段均为高速。拉萨到林芝的公路称林拉公路，也称G318川藏线，目前不收费，沿途风景优美，可以称为景观大道。米拉山口海拔5013米，山口设有观景台，建有三个牦牛塑像。山口建有标准卫生间，卫生间现代、干净，唯一缺憾是无水。三位警察“蜀黍”在指挥交通，安全有保障，谢谢他们！估计米拉山遂道通车后，游客仍会沿老路上米拉山口观景。",5,2018-10-25
215,23,"米拉山口据说以后高速公路隧道造好也就会不用了，这里有大概5000多米高，是318进入拉萨的最后一座也是最高的一座山亚。可能因为天气原因我们去的时候正好可以看到雪山的那种感觉，晴朗的天空让人感觉很震撼和大气。旁边的厕所要收费，感觉山上的条件还是比较简陋的",5,2018-05-16
216,24,"我们在林芝八一镇的和谐宾馆入住，问了老板和当地的居民，告诉我们宾馆前不远处就有登山之路（图二），于是，第二天吃了早餐，细雨蒙蒙，我和老公便带了水和伞去爬比日神山。景区很大，这条路主要通往神态景区，这里的植被垂直景观特别明显，空气清新湿润，从尼洋河沿岸的海拔2900米到海拔5000你左右的山顶，各种植被交相呈现，丰富多彩，蔚为壮观。站在半山腰，看去，云雾环绕，恍若仙境。",5,2020-12-15
217,24,"比日神山生态区生态保持的非常好，在沿着山上的道路行走的时候，树木稀疏的地方可以看到林芝八一镇的全景，看到蜿蜒流淌的尼洋河，看到远处的山峰，天空是高原的那种碧蓝的颜色，一个人行走在空旷的山里，是一种独特的感受。",5,2020-04-11
218,24,"比日神山就在八一镇老城区的旁边，有公交车通到山顶，是为转山的人提供了很方便的交通工具。\n山上有林芝市自然博物馆，也有老百姓的休闲公园。\n比日神山上的转山栈道，是漫长而又雅致的风景线，不要带着征服的目的去游走，你会发现一路的雪山之美。",5,2020-09-27
219,24,"很多游客来林芝只是把林芝当作中转站，其实林芝市区有几个值得去的景点，比日神山就是其中一个。初春跟着藏民转比日神山真是无比开心，山顶可观林芝全景，真是美极了。",5,2019-04-07
220,24,"比日神山位于林芝的城区八一镇东侧，步行就能到达，因此这里也成了游玩川藏线、林芝线的游客在八一镇休整时选择的景点。藏语意为“猴子山”，是西藏本土教苯教的四大神山之首。",5,2018-11-06
221,24,"八一市区边上的比日神山木栈道，算是郊游吧。\n自己一个人转悠，没找到对的方向，从下往上爬又到顶又爬回来的。\n一路上就我自己一个人嗨，挺好的，背着jiu和薯片，在山顶的草坪上嗨了一嗨。\nbao汗流离啊，vx 突然不能用了，因为蹭了车要去山里，等着联系，so一路飞奔。最后想着法子了，蹭了小情侣的网，在凉亭上吹风到瑟瑟发抖，爆吃完零食再飞奔下山。",5,2021-01-01
222,24,"比日神山生态景区，位于林芝的城区八一镇东侧，步行就能到达，因此这里也成了游玩川藏线、林芝线的游客在八一镇休整时选择的地点。有民宿客栈可以选择，稍许有点像大理那边的。山上修建了生态栈道，进入后沿着栈道爬山即可。",5,2019-11-10
223,24,"比日神山，位于西藏林芝县八一镇，市区过去不算远。因为这座山常有雾气镣绕，看似高耸入云，所以被称作“神山”，是林芝地区享有盛名的景点，前往转山者络绎不绝。半山腰俯视，可尽观八一镇的全景，山上还有中国第二大的自然博物馆。",5,2019-11-09
224,24,"林芝市区的比较好的景点，其他景点都很远很分散。\n比日神山，没有做攻略，到了才发现，没有车，走上去太痛苦了。\n一般人来这里就是顺时针绕山，风景不错。1/4路程那里有一个林芝博物馆。旁边是非常出名的木头栈道，长4850米，风景非常好。那里基本上可以俯瞰整个林芝八一镇，是拍照的好地方。看着非常震撼，这么高，下面就是城镇，这么近。",5,2019-10-01
225,24,"林芝城区附近有一个景点叫比日神山，以前叫笨日神山，去朝拜了一下，风景不错，人非常少，大部分的时间前后只能看到我一个人，有一段时间还看到了一个散养状态的小猪。",5,2020-04-11
226,25,"我们在林芝八一镇的和谐宾馆入住，问了老板和当地的居民，告诉我们宾馆前不远处就有登山之路（图二），于是，第二天吃了早餐，细雨蒙蒙，我和老公便带了水和伞去爬比日神山。景区很大，这条路主要通往神态景区，这里的植被垂直景观特别明显，空气清新湿润，从尼洋河沿岸的海拔2900米到海拔5000你左右的山顶，各种植被交相呈现，丰富多彩，蔚为壮观。站在半山腰，看去，云雾环绕，恍若仙境。",5,2020-12-15
227,25,"比日神山生态区生态保持的非常好，在沿着山上的道路行走的时候，树木稀疏的地方可以看到林芝八一镇的全景，看到蜿蜒流淌的尼洋河，看到远处的山峰，天空是高原的那种碧蓝的颜色，一个人行走在空旷的山里，是一种独特的感受。",5,2020-04-11
228,25,"比日神山就在八一镇老城区的旁边，有公交车通到山顶，是为转山的人提供了很方便的交通工具。\n山上有林芝市自然博物馆，也有老百姓的休闲公园。\n比日神山上的转山栈道，是漫长而又雅致的风景线，不要带着征服的目的去游走，你会发现一路的雪山之美。",5,2020-09-27
229,25,"很多游客来林芝只是把林芝当作中转站，其实林芝市区有几个值得去的景点，比日神山就是其中一个。初春跟着藏民转比日神山真是无比开心，山顶可观林芝全景，真是美极了。",5,2019-04-07
230,25,"比日神山位于林芝的城区八一镇东侧，步行就能到达，因此这里也成了游玩川藏线、林芝线的游客在八一镇休整时选择的景点。藏语意为“猴子山”，是西藏本土教苯教的四大神山之首。",5,2018-11-06
231,25,"八一市区边上的比日神山木栈道，算是郊游吧。\n自己一个人转悠，没找到对的方向，从下往上爬又到顶又爬回来的。\n一路上就我自己一个人嗨，挺好的，背着jiu和薯片，在山顶的草坪上嗨了一嗨。\nbao汗流离啊，vx 突然不能用了，因为蹭了车要去山里，等着联系，so一路飞奔。最后想着法子了，蹭了小情侣的网，在凉亭上吹风到瑟瑟发抖，爆吃完零食再飞奔下山。",5,2021-01-01
232,25,"比日神山生态景区，位于林芝的城区八一镇东侧，步行就能到达，因此这里也成了游玩川藏线、林芝线的游客在八一镇休整时选择的地点。有民宿客栈可以选择，稍许有点像大理那边的。山上修建了生态栈道，进入后沿着栈道爬山即可。",5,2019-11-10
233,25,"比日神山，位于西藏林芝县八一镇，市区过去不算远。因为这座山常有雾气镣绕，看似高耸入云，所以被称作“神山”，是林芝地区享有盛名的景点，前往转山者络绎不绝。半山腰俯视，可尽观八一镇的全景，山上还有中国第二大的自然博物馆。",5,2019-11-09
234,25,"林芝市区的比较好的景点，其他景点都很远很分散。\n比日神山，没有做攻略，到了才发现，没有车，走上去太痛苦了。\n一般人来这里就是顺时针绕山，风景不错。1/4路程那里有一个林芝博物馆。旁边是非常出名的木头栈道，长4850米，风景非常好。那里基本上可以俯瞰整个林芝八一镇，是拍照的好地方。看着非常震撼，这么高，下面就是城镇，这么近。",5,2019-10-01
235,25,"林芝城区附近有一个景点叫比日神山，以前叫笨日神山，去朝拜了一下，风景不错，人非常少，大部分的时间前后只能看到我一个人，有一段时间还看到了一个散养状态的小猪。",5,2020-04-11
236,26,"林芝鲁朗花海牧场景区特色鲜明，两线夹一沟，林海套花海，古村傍马道，牧场飘香来！沟内沿着德木冷泉河分布着工布、波密、门巴、珞巴、僜人5个充满了不同民族风情的村寨，五寨中每个寨子展示的是不同的风俗习惯，游客可以轮着住，每晚享受不同的美食和风情。冬季滑雪，夏季纳凉，春天欣赏满山遍野的杜鹃花，秋季层林尽染。 鲁朗花海牧场距鲁朗镇20多公里，距318国道5公里，相对比较隐秘。景区面积约10000亩，位于一条宽10公里，长20多公里的沟内，景区包括草场和山地。 景区内自然风光和人文景观交相辉映，鲁朗花海色彩斑斓，争奇斗艳；鲁朗林海波澜起伏，蔚为壮观。著名的德木寺的前身“拉卡洛色林”也位于该景区中心。在景区内还能欣赏到中国最美的山峰南迦巴瓦峰、世界第一大峡谷雅鲁藏布大峡谷以及加拉白垒峰。",5,2020-03-17
237,26,"没有想到在高冷的西藏，还存在这么美丽的牧场，让人开始怀疑，自己是不是又回到了江南。那桃花开得是如此的艳丽，那草场一片绿茵茵，不是江南胜似江南。",5,2018-04-11
238,26,"林芝鲁朗花海牧场景区，距鲁朗镇很近，只有几公里，这里是一个高原牧场，平均在3000米以上，这里的牧草很好，牛羊也多，春天（这里的应该六七月份）的时候牧场野花遍地，周围还有金黄的油菜花，非常漂亮。",5,2019-07-25
239,26,"人间至美三月天，芳菲香溢。一丛丛，一簇簇，不惊艳，恍然间摄人心魂，为这片神奇土地，为这分明普通的不能再普通，却令人惊叹，惊叹她的纯真，惊叹她的自然，林芝，三月的桃花，令人物化神化，流连而忘返……",5,2019-03-30
240,26,"这里还种植了高原油菜花，我们自己配备了无人机，所以还是拍照拍的挺不错的，进去的话要一个人5块钱，无人机掉下来还要给人家几百块要回来。油菜花和桃花配在一起还是挺不错的。",5,2018-03-30
241,26,"川藏线上的美景（十三）东方瑞士之称的鲁朗花海牧场。\n          从波密去林芝，要到鲁朗镇的时候，有一个景点，打的招牌是鲁朗风景区，其实它应该叫鲁朗牧场。鲁朗牧场是高海拔天然牧场，海拔3000多米，这个地方又叫“吉祥坡”，远山是色季拉山，终年白雪皑皑，雪线下是针叶树组成的原始森林，山坡上牧场绿草茵茵，野花遍地，山下田里油菜花正开，金黄灿灿融，藏式村庄错落有致，称她为东方瑞士一点都不为过。",5,2019-08-04
242,26,"去鲁朗看花海，看牧场，看最美的绿色鲁朗花海牧场 恬静+悠闲 花没有看到，草一片一片望不尽。牛羊自由，马儿悠闲，一起去感受田园，去呼吸自然的味道",5,2018-04-27
243,26,"鲁朗花海牧场就是鲁朗林海的其中一部分，在鲁朗林海的很大一部分是高山草地，在远方森林的拱卫下，溪水很多，草地也长得很茂盛。牛羊马都在放牧。",5,2019-05-17
244,26,"四月的桃花吐艳，油菜花争相开放，处处都是美景，随便怎么拍都是明信片，心心念念了几年的林芝桃花季终于得以成行，还有最专业的领队和摄影师加持，怎么能不幸运。",5,2019-05-24
245,26,"鲁朗林海是养育生命的地方，清静雅致，看着周边雪山，草甸，森林茂密，植被丰富，河水清澈，潺潺流过，无外乎就是在旅途中找这样的居住场所，对于外地来到鲁朗的人来说，是体验林芝西藏小江南美景的好地方",5,2020-04-09
246,27,"林芝藏东南文化遗产博物馆，坐落于林芝地区八一镇1.5公里的藏东南文化博览园内，有比较大的建筑规模，因坐落在尼洋河旁，得名尼洋阁。\n藏东南文化遗产博物馆是一座极具西藏民族文化特色的藏式建筑，目前已成为林芝地区的著名旅游景点和地标式建筑。\n这座专题博物馆，不但更好地营造出浓厚的藏文化氛围，还对弘扬藏东南非物质文化遗产和林芝地区特有的民族民俗文化，推进地区文化旅游事业的发展，具有特殊意义。",4,2020-06-25
247,27,"藏东南文化遗产博物院，即尼洋阁。尼洋阁是福建省第四批援藏建设项目，建成于2006年9月。尼洋阁的建筑风格与当地的寺院类似，顶部具有明显的元代风格。尼洋阁门票20元，分多层展示藏东南地区的民俗、歌舞、建筑等内容。参观完一层，由于二层以上没电，只好借着手机的照明草草参观了一番。晚上的尼洋阁，打上灯光，很漂亮。",4,2018-10-26
248,27,"藏东南文化博物馆位于西藏林芝县巴结村，是林芝地区文物史上首座大型博物馆。博物馆五层重檐楼阁式建筑，拥有14个展厅，集中体现藏东南各民族民间独特的传统文化，是一个完整的文化标签和旅游一座标。",4,2018-10-09
249,27,"尼洋阁藏东南文化博览园是林芝八一镇效外专门为藏东南少数民族设立的一个博物馆，主要是介绍藏东南少数民族的生活习惯与民俗服饰等，其建筑物有点特色，是一个塔状的建筑物。",4,2019-05-19
250,27,"已经订了这里的票，到这里后，说展馆正在粉刷，赞不接待。只能在门口看看。",4,2018-06-16
251,27,"陈列有很多野生动物实体标本，又以它们生活的原貌展现出来，也是一大特点，也可以了解当地的民风民俗",4,2022-03-06
252,27,"西藏民族文化，风景美如画，尼洋河泮",4,2019-04-09
253,27,"内容丰富，展品精致，场馆布置合理。",4,2018-06-10
254,27,"挺好玩的。",4,2022-07-04
255,27,"真的很不错",4,2022-02-13
256,28,"喇嘛岭寺是林芝市最大最重要的藏传佛教场所。这座建于上个世纪三十年代末的古刹，属藏传佛教四大教派之一的宁玛派（俗称红教）寺庙。它依山傍水，隐于山中密林，周围山林围绕，清幽安静，云雾缭绕，鸟语花香，清心宁静，仿如世外桃源。",4,2021-03-23
257,28,"布久喇嘛岭寺位于林芝县布久乡，属红教，是林芝地区最大最重要的藏传佛教场所。  布久喇嘛岭寺依山傍水，佛殿庭院掩映绿荫之中，院内藏犬成群。整个寺院形状内呈正四角，外底层屋檐共有二十角，第二到第三层屋檐为八角，佛殿高20余米，内径10余米，上覆金顶，呈塔形，四面墙体分以白兰红绿四色涂之，非常漂亮。  布久喇嘛岭寺有著名的莲花生大师践石遗迹，寺内精美的壁画也堪称藏东一绝。",4,2018-04-27
258,28,"布久喇嘛岭寺是藏南有名的一座寺院，景色不错，风景宜人，有特色，趣味性强，感受感受藏族的寺院魅力，建筑风格独特，性价比超高的。",4,2020-04-23
259,28,"喇嘛岭寺的出家人中有男众也有女众，前来学习和参加法会的在家人男女老少皆可，但都必须遵循佛陀为四众弟子制定的清规戒律和传承的戒律，这是敦炯新伏藏传承不共的特色，同时也真正践行了佛陀众生平等的思想。这里虽然是景点，但更是传承弟子们修行的净土。",4,2019-03-11
260,28,"喇嘛寺属藏传佛教的格鲁派。寺庙外边有颇为壮观的白塔，风吹过，屋檐的铃铛清脆作响。寺中藏有珍贵的绘于清朝初年而颜色仍极为鲜艳的壁画。",4,2022-06-25
261,28,"每个城市都有那么几个著名景点，到了要去打个卡的！",4,2018-04-19
262,28,"西藏林芝地区著名店寺庙，观光必到景点，",4,2018-04-21
263,28,"三月林芝游，到处是桃花。这是林芝的最后一站，值得一去！",4,2018-04-07
264,28,"停车场费用10元，景色一般般吧，庙新修的，原本的在山顶，被扯下来了，不能飞飞机",4,2023-05-20
265,29,"福建园位于林芝市八一镇比日神山脚下，是福建省援建的一座具有闽南建筑风格的公园。公园面积不大，中心一池碧蓝的秋水，湖边渐黄的草坪随地势起伏。深秋时节高原的色彩格外鲜艳浓烈，天空瓦蓝，云层亮白，青松红枫黄叶之间掩映着一个个精巧古朴的亭台楼阁。最美的是借景四周环抱的雪山，大气而开阔。",4,2021-11-05
266,29,"福建园在林芝是有一定的知名度，位于八一镇内东南部，因福建省援助兴建而得名，是闽芝援建的见证。这次干脆趁着晚饭后天还亮时前去游走一番看看。\n福建园是免费入园的。入园门两侧，花团锦簇，引人入胜，嶙峋奇石，鲜花族拥。走近亭楼时，就能感受到精致典雅，搭配着祈福石雕，一股浓郁的闽南建筑风格。广场也是少不了的，修建得非常平整、干干净净，适合漫步，也可悠然小憩。\n确实不错，不仅有纪念意义，这也给林芝的景区带来了不同的特色，是多元化景色的发展。",4,2020-06-17
267,29,"如果有机会到西藏林芝一览“西藏江南”的美景，那傍晚的福建公园无疑将成为旅途中快乐的记忆。\n就是在这样一座雪山脚下的公园，想要领略当地人的健身生活，那么就在傍晚时分，只要跟随者当地人走到福建公园中心地带的圆形广场。随着富有民族特色的音乐，学着周围人的脚步，沉浸在浓郁藏乡风情的锅庄舞之中。",4,2020-06-06
268,29,"早上的林芝时期还是很安静的，街道上几乎看不见人的影子，从酒店出发路过一片绿地在汽车右边，听司机说这就是福建园，贴着神山景区的院子以一个湖泊为主，外面则是各式各样的植被，靠近市府比较近，小区多因此可以看到一些晨练的人。",4,2018-05-16
269,29,"福建园是林芝市民常去的小公园，虽然林芝周边有太多的风光优美的景区，但这个家门口的公园因为方便前往而吸引了不少市民及外地游客。",4,2019-04-07
270,29,"城中小园，复古幽静;漫步其中，烦恼皆无。",4,2020-03-30
271,29,"来晚了，不然我可以在这躺着，躺一下\n午‍♀️‍♀️。十一月份不要门票",4,2019-11-22
272,29,"挺好，值得大家一家老小去游玩，\n【景色】",4,2021-07-23
273,29,"适合饭后散步的免费公园，还可以吧",4,2021-07-16
274,30,"桃花村是林芝桃花节主办场地，也是桃花最密集的地方之一了，就在离林芝城区八一镇10公里的国道旁，我们一行3个人，看到酒店停有共享汽车，叫麟智用车微信关注就下载app注册了，非常方便，开过去耍了半天。在这里你能看到全国唯一桃花与雪山同框，美极了。",5,2019-04-07
275,30,"一直以来我以为林芝的桃花与我们平常看的桃花都差不多，但原来是大有不同的。\n林芝地区的桃花学名叫“光核桃”，又名“西藏桃”，俗称“野桃”，树高花繁，开得狂野。\n光核桃树体高大，寿命可达千余年。它的优点是：耐旱、耐瘠、抗病、长寿、结果力强。花朵漂亮，可以观赏。结果后的果实也是富含VC、丰富的糖分，可制作果脯、果汁等等。\n林芝地区的桃花是高原桃花，所以大部分都是在山脚桃花盛开，远处是雪峰，独有的风味。",5,2022-04-05
276,30,"嘎啦桃花村：每年3至4月，是林芝桃花盛放的季节。在嘎拉村、工布江达县、米林县和波密县，都有数不胜数的桃花盛开。林芝桃花节一般会在3月底盛大开幕。届时在林芝的各个地带，都能欣赏到桃花，不同的村落和地区开花的时间也有所不同。嘎拉桃花村是桃花节的主会场，花期预计为3.20—4.15左右。进入主会场需要购买门票，30元。嘎啦桃花村被誉为“林芝桃花第一村”是林芝地区的最佳赏花地，很多经典的照片都是在这里拍摄。主会场的桃花树很多，也很密集，层层叠叠的桃花树，中间的田野还种了一大片的油菜花，金黄的油菜花与粉色的桃花相映衬，格外美丽。登上景区的观景台，可以到欣赏怒放的桃花海，远处的河流、村庄、雪山。景区内还提供藏服租借拍照。",5,2021-12-26
277,30,"每年的三月中到四月中，当藏区各地连绵起伏的群山还披着厚厚的白色雪衣，林芝漫山遍野的野桃花便开始铺满山坡，绵延至河谷，当你身临其境时，仿佛觉得一切都不像真实似的，在雪山冰川的映衬之下，这大片大片的桃花怒放这野性的壮美。\n嘎拉村，是离林芝市区比较近的赏花点，也是林芝桃花节开幕式会场，在市区打车过来也就二十多三十块，我们去的时候恰逢是桃花节开幕前一天，游客也比较多，桃花开得正艳，真的好美好美，不得不说林芝的桃花季真的很值得一去。",5,2021-04-10
278,30,"林芝的桃花好美，我从三月看到了四月。都说三生三世十里桃花，嘎拉村的桃花、波密的桃花、雅鲁藏布大峡谷的桃花、还有工布江达的桃花，我看了几十里，甚至上百里的的桃花。因为是野生的，花的颜色没有那么鲜艳，只是淡淡的粉，有的是白色的，花朵很小，可依然在高原上顽强绽放。",5,2018-10-28
279,30,"林芝 嘎拉桃花村。林芝素有“藏江南”之称，当桃花盛开的时候走进林芝更能感受到它的秀丽和迷人。作为林芝桃花节开幕式主会场的嘎拉村，千年的桃树开满了山谷、金色的油菜花点缀其中，远处的雪山巍峨壮观，能让人陶醉于桃之夭夭、灼灼其华的浪漫之中。  ​​​",5,2021-05-07
280,30,"来西藏林芝赴这一场千年野生桃花的盛宴，沿着公路，洋洋洒洒流淌绽放着500公里淡粉色野桃花。在嘎拉桃花源，在深入藏式村落的波密桃花沟，我们一起来感受一万株野桃花。醉了眼，倾了心。这是一场触动心灵，感受永恒的记忆，遥远的梦境，圣洁的净土。",5,2019-04-05
281,30,"嘎拉桃花村位于林芝八一镇外，是林芝地区的核心景区，也是尼洋河河畔赏桃花的最佳处。极目远眺，桃花妖娆。每棵都是千年老树，树形苍劲，枝条婀娜，花朵婆娑，万株野桃花竞相开放，一团团红的、粉的、白的，簇拥着两岸山坡。",5,2021-03-22
282,30,"林芝桃花节，于每年的三月底四月初举行。桃花节以桃花为媒，意将林芝营造为浪漫爱情目的地，林芝桃花节继续以“相约林芝，寻访美丽中国最美春天”为主题，诚邀各地游客到林芝赏桃花，品味林芝独特的文化和秀丽自然的风光。",5,2020-03-15
283,30,"【林芝嘎拉桃花村】有朋友问我，春天到处都是桃花，为什么要去西藏林芝？答案是：\n林芝，西藏的小江南，但是江南没有雪山；\n林芝，西藏的小瑞士，但是瑞士没有桃花。\n【位置】位于林芝巴宜镇的嘎拉桃花村，距离林芝很近，这里是林芝桃花节主会场。桃花节一般三月底开始，行前可以持续关注林芝官宣。嘎拉桃花村，海拔2900 米，因为近又是主会场，到林芝看桃花的游客几乎都是奔这儿，所以这里游客比较多。\n【景色】嘎拉村桃花开的比较早，我们3月27日抵达这里时，沿着尼洋河畔两侧的田园和山丘上大片大片密集的桃花已经盛开，碧绿的草甸和黄灿灿的油菜花点缀其间，远方的雪峰依旧白雪皑皑，好一副醉人画卷。\n　　进入景区便是桃花节的户外会场，一路向上走去，一路的桃花盛放，不远的山上有一高高的观景台，可以全景眺望尼洋河两岸迷人风光。\n        林芝的桃花树干粗壮高大，树枝苍劲有型，桃花开的粉白密集，和江南碧桃的温婉美艳不同，林芝的桃花为“光核桃”、“野桃”，寿命可达千余年，树高花繁、肆意狂野，与大自然浑然一体。\n【性价比】门票60元，慢慢走，慢慢拍，慢慢享受，往上走人比较少，很美妙。",5,2020-02-15
284,31,"在西藏林芝回拉萨的路上，会路过米林县卧龙镇，“卧龙奇石”的景点就在这里。\n顺着栈道，延伸到最底层的观景台，观赏雅鲁藏布江中潺潺急流的江水，以及在弧形江边堆积分布的各种奇石，伴随着激流冲撞的涛涛轰鸣声，真被这壮观的景观所惊着了，巨石是如何屹立在这里的？大自然真不乏鬼斧神功，这也该是雅鲁藏布江的一个奇迹吧？",4,2020-03-02
285,31,"从雅鲁藏布江大峡谷回拉萨经过的一个非常小的免费的景点！总之，看头是没有啥大看头的，但是歇歇脚还是可以的，然后逛一圈嘛大概也就10分钟左右的样子吧！当然，要拍照的话，尤其是自拍的话，那起码半个小时也是要的！\n  反正这里的江也是雅鲁藏布江，江边有一些个头满大的巨石，和一些小石头堆叠在一起，反正也没有看出来有啥奇特之处！",4,2019-07-30
286,31,"林芝通往山南的306省道上，有一些巨石堆砌在雅鲁藏布江边，鬼斧神工一般，我们不明它的来历，只是感叹自然界的神奇。也许取名卧龙正是这些天降巨石的来源深不可测吧。",4,2019-08-20
287,32,"非常捧，纯天然温泉。，海扳1900的森林公园",5,2023-05-04
288,33,"这里是林芝市米林县的一个景点，江河汇流，江是指雅鲁藏布江，河是指尼洋河，两河交汇，水域宽广，水面平静，同时又形成很多大大小小的绿洲，一处不错的景点。",5,2019-07-25
289,33,"江河汇流是米林县的一道观景台，就是尼洋河与雅鲁藏布江交汇在一起的水道口。在汇流处，尼洋河水清澈而湍急，雅江水浊而流速缓慢，一清一浊，泾渭分明。尼洋河水汇入雅江逆流而上，形成倒流奇观。",5,2021-03-24
290,33,"江河汇流是指尼洋河汇入了雅鲁藏布江，其汇流起点在米林县羌纳林的公路旁的一个观景台，那里可以清楚的欣赏到一条清，一条混的水流合在一起向下游流去。",5,2019-05-19
291,33,"在去雅鲁藏布江的路上，有个观景台，可以很清楚的看到江河汇流，两种颜色的水交汇。周围是山，还有船在行驶，不用花多少时间，下车看下就行了。值得一看。一路上的牌子都写得雅尼国家湿地公园。",5,2018-09-27
292,33,"这是江河汇流而之处，大地的特别构造，上天的眷顾安排，使清、浊两种不同程度的水流在此交汇，共同以“泾渭分明”的不同颜色，流向远方。",5,2021-02-16
293,33,"很壮观，特别美！真心推荐！希望给游客留下美好印象。",5,2018-08-11
294,33,"公路边的观景台免票。江与河的蓝绿色水汇成一流。雪峰倒影。美滴很。",5,2018-04-01
295,33,"雅鲁藏布大峡谷国家公园，5A景区，来到这里洗净铅华，感受大自然的鬼斧神工。\n【景色】",5,2022-05-05
296,33,"非常不错的一个地方，值得一去。",5,2022-10-18
297,34,"扎贡沟也是第二次游玩了，游完南伊沟不出景区右边就可以去扎贡沟了。扎贡沟是藏医药的发源地，沟内藏药材尤为丰富，景色也非常迷人，如果有机会一定还去，据说爬上山顶就可以看见印度了。",5,2018-12-09
298,34,"扎贡沟景区的旅程，就是在森林中漫步，进入森林之门即刻像被这些自然界参天大树包围。还有灌木，这灿若红霞的叶子，绽放着喜悦的光芒。直到海拔3456米的甘露洞，泉水嘀嗒淅沥如下雨，草木茂盛显露着生机。各路游客不由得驻足欣赏、赞叹！",5,2021-03-25
299,34,"扎贡沟，被称为米林县的传奇。扎贡沟是藏医药鼻祖宇妥·云丹贡布大师行医授徒之地，意义非同凡响，沟内藏药材极其丰富，当然，这里的美景更是名不虚传，景区的原始林中资源十分丰富，古老而高大的“米林云杉王”，也是矗立于扎贡沟内，自然环境好到“爆裂”！",5,2020-03-02
300,34,"林芝地区,走到那都是最美风景.估计是西藏最不用担心高原反应的城市,秋季虽是淡季,但是风景一点不比任何时候差,而且还是吃住行最性价比高的季节",5,2019-11-14
301,34,"原生态风景区，丰富的民族文化，身临其境感受原始森林的风采",5,2019-05-06
302,34,"好像倒闭了，不要来了，白跑了一趟",5,2024-07-11
